id,creation_time,property1,property2,property3,property4,property5,failed,time_of_death,details,type,fingerprint_hash,recruiter_id,worker_id,assignment_id,unique_id,hit_id,mode,end_time,base_pay,bonus,status
92,2020-10-29 18:49:55.261678,,,,,,f,,{},participant,8e513ae8ebf623876b1241d38ab8f488,mturk,92,3QILPRALQ72O71WR634081W71B4N85,92:3QILPRALQ72O71WR634081W71B4N85,362E9TQF2IX8ZVUO2JYU7ML1KUNGIW,live,2020-10-29 19:01:04.632158,3,,bad_data
46,2020-10-29 18:45:06.88075,,,,,,f,,{},participant,fff7ee15b25ad04749c2f04084a010a1,mturk,46,30LSNF239W2L7LJBT6I7T2NNTCI2I1,46:30LSNF239W2L7LJBT6I7T2NNTCI2I1,362E9TQF2IX8ZVUO2JYU7ML1KUNGIW,live,2020-10-29 19:10:58.686671,3,,bad_data
265,2020-10-29 19:21:30.742283,,,,,,f,,{},participant,96afd2bf53ef5ed6cfbbdf6b005a5b9f,mturk,265,39N5ACM9HGUOORRERAN6CMWDLWV9PK,265:39N5ACM9HGUOORRERAN6CMWDLWV9PK,362E9TQF2IX8ZVUO2JYU7ML1KUNGIW,live,2020-10-29 19:40:26.62203,3,1.6,approved
22,2020-10-29 18:43:25.410407,,,,,,f,,{},participant,6b5e0fdb2b0bcbdac152c33d01fdb543,mturk,22,336YQZE83XLZ21SPW4IXJ2XGUVT5ML,22:336YQZE83XLZ21SPW4IXJ2XGUVT5ML,362E9TQF2IX8ZVUO2JYU7ML1KUNGIW,live,2020-10-29 19:15:06.199914,3,,bad_data
231,2020-10-29 19:11:09.648606,,,,,,f,,{},participant,5fa67098e18916e139290b9c2708512d,mturk,231,33PPUNGG3ACO6VP680LUU5YL1H4RZ6,231:33PPUNGG3ACO6VP680LUU5YL1H4RZ6,362E9TQF2IX8ZVUO2JYU7ML1KUNGIW,live,2020-10-29 19:17:33.2297,,,returned
311,2020-10-29 19:28:22.237313,,,,,,f,,{},participant,2374f1a275f95c29b6152985e0b61b6d,mturk,311,3L4D84MIL1ZLHM6ZU96ES78PVATJHG,311:3L4D84MIL1ZLHM6ZU96ES78PVATJHG,362E9TQF2IX8ZVUO2JYU7ML1KUNGIW,live,2020-10-29 19:29:20.070585,3,,bad_data
5,2020-10-29 18:42:59.056053,,,,,,f,,{},participant,7d947b054b174a28008fc3ff0d25efbe,mturk,5,3GNCZX450KU2TA1JJG168H7XRE5PA7,5:3GNCZX450KU2TA1JJG168H7XRE5PA7,362E9TQF2IX8ZVUO2JYU7ML1KUNGIW,live,2020-10-29 19:11:40.210613,3,,bad_data
29,2020-10-29 18:43:49.413536,,,,,,f,,{},participant,b0a8178b9787fcea507c71ecf3da4f88,mturk,29,3X3OR7WPZ17YJ1T6UQOLV9SIWG4L81,29:3X3OR7WPZ17YJ1T6UQOLV9SIWG4L81,362E9TQF2IX8ZVUO2JYU7ML1KUNGIW,live,2020-10-29 19:02:28.24681,3,,bad_data
32,2020-10-29 18:44:00.929569,,,,,,f,,{},participant,9482418d5ff5e931035079aafa052866,mturk,32,3VHHR074H5OUJNONKLWFH9WNLWY7L0,32:3VHHR074H5OUJNONKLWFH9WNLWY7L0,362E9TQF2IX8ZVUO2JYU7ML1KUNGIW,live,2020-10-29 19:17:10.601802,3,0.8,approved
4,2020-10-29 18:42:58.203102,,,,,,f,,{},participant,cec34b9f5e9aa66b815e32e0cee4ded2,mturk,4,3F0BG9B9MRUEJMVM30L5BHYJUB27YS,4:3F0BG9B9MRUEJMVM30L5BHYJUB27YS,362E9TQF2IX8ZVUO2JYU7ML1KUNGIW,live,2020-10-29 19:12:06.239936,3,0.8,approved
33,2020-10-29 18:44:01.511755,,,,,,f,,{},participant,82365ad29c150d9e9531c9daed9c7afc,mturk,33,32M8BPYGAVTBMFRISL3WV6HO3VNGIY,33:32M8BPYGAVTBMFRISL3WV6HO3VNGIY,362E9TQF2IX8ZVUO2JYU7ML1KUNGIW,live,2020-10-29 19:26:49.93661,3,1,approved
12,2020-10-29 18:43:11.709619,,,,,,f,,{},participant,5ba53758be1ff879bd7bd587a8628ae1,mturk,12,3N4BPTXIOAZLXSI1CTDPC1XS47RKUD,12:3N4BPTXIOAZLXSI1CTDPC1XS47RKUD,362E9TQF2IX8ZVUO2JYU7ML1KUNGIW,live,2020-10-29 19:14:34.389312,3,1.2,approved
253,2020-10-29 19:15:19.949507,,,,,,f,,{},participant,141852fb73d21429be8ae523a145be23,mturk,253,32SCWG5HIJB168PGT3KUSC5BVVFP6H,253:32SCWG5HIJB168PGT3KUSC5BVVFP6H,362E9TQF2IX8ZVUO2JYU7ML1KUNGIW,live,2020-10-29 19:38:53.108281,3,1.8,approved
274,2020-10-29 19:22:01.135634,,,,,,f,,{},participant,45b568ae7037cf70d86c94c80e39148b,mturk,274,3S3AMIZX3WCHXSVRYL62EIGWDYVCDQ,274:3S3AMIZX3WCHXSVRYL62EIGWDYVCDQ,362E9TQF2IX8ZVUO2JYU7ML1KUNGIW,live,2020-10-29 19:27:46.630534,3,,bad_data
1,2020-10-29 18:42:46.94827,,,,,,f,,{},participant,5ba703e3a4ffa24d33ba637ef6d98c3c,mturk,1,3XIQGXAUMEFPJH5CY4Z3S3RAS587XM,1:3XIQGXAUMEFPJH5CY4Z3S3RAS587XM,362E9TQF2IX8ZVUO2JYU7ML1KUNGIW,live,2020-10-29 18:43:31.197173,,,returned
25,2020-10-29 18:43:32.323351,,,,,,f,,{},participant,ea7a0ea5d789f44ea8bdbc13285487fd,mturk,25,3IGI0VL649RRSTJ7DKTW5NM7GG8NO8,25:3IGI0VL649RRSTJ7DKTW5NM7GG8NO8,362E9TQF2IX8ZVUO2JYU7ML1KUNGIW,live,2020-10-29 19:14:56.496032,3,0.4,approved
14,2020-10-29 18:43:13.777975,,,,,,f,,{},participant,3d6ee3b42dbb703f364901d7b70ce559,mturk,14,33OOO72IVJSOEHROKB6HJMYIGKBCT1,14:33OOO72IVJSOEHROKB6HJMYIGKBCT1,362E9TQF2IX8ZVUO2JYU7ML1KUNGIW,live,2020-10-29 19:07:22.580492,3,0.2,approved
26,2020-10-29 18:43:33.081123,,,,,,f,,{},participant,43a0093be2dca2ffca2262c65155daa0,mturk,26,3B2X28YI3YMZ2EO6AY2TXS0MER0B6I,26:3B2X28YI3YMZ2EO6AY2TXS0MER0B6I,362E9TQF2IX8ZVUO2JYU7ML1KUNGIW,live,2020-10-29 19:10:00.706671,3,0.4,approved
27,2020-10-29 18:43:36.066112,,,,,,f,,{},participant,19b2d0da2196f12ca1f37302ba06aca3,mturk,27,3CP1TO84PV89VXOWMMZD4TJIOQC25R,27:3CP1TO84PV89VXOWMMZD4TJIOQC25R,362E9TQF2IX8ZVUO2JYU7ML1KUNGIW,live,2020-10-29 18:49:05.862509,3,,bad_data
198,2020-10-29 19:04:45.922117,,,,,,f,,{},participant,09fa038ff0df5aa737207890103905b2,mturk,198,3I3WADAZ9SBN24D19KXAB6MLPV8O5J,198:3I3WADAZ9SBN24D19KXAB6MLPV8O5J,362E9TQF2IX8ZVUO2JYU7ML1KUNGIW,live,2020-10-29 19:10:18.955189,,,returned
3,2020-10-29 18:42:57.546556,,,,,,f,,{},participant,d244981c6176593660c4100d2db911d0,mturk,3,34X6J5FLPV5YUF52DZT81L0QMXLJQ8,3:34X6J5FLPV5YUF52DZT81L0QMXLJQ8,362E9TQF2IX8ZVUO2JYU7ML1KUNGIW,live,2020-10-29 19:07:58.21015,3,0.6,approved
7,2020-10-29 18:43:02.16519,,,,,,f,,{},participant,55702c3441b618652a6dbb979ed4cb59,mturk,7,3WJ1OXY92CNHNI22XZZVMVC7245A88,7:3WJ1OXY92CNHNI22XZZVMVC7245A88,362E9TQF2IX8ZVUO2JYU7ML1KUNGIW,live,2020-10-29 19:08:37.364933,3,0,approved
31,2020-10-29 18:43:55.733969,,,,,,f,,{},participant,f9e68b944779237c42d600ed1544d285,mturk,31,3W92K5RLWWOISOMYAWJO6YGTLO5V5S,31:3W92K5RLWWOISOMYAWJO6YGTLO5V5S,362E9TQF2IX8ZVUO2JYU7ML1KUNGIW,live,2020-10-29 18:52:01.180905,3,,bad_data
17,2020-10-29 18:43:18.135236,,,,,,f,,{},participant,ffc733a70db0b61e0d8b74ee7e2dca92,mturk,17,3KYQYYSHYXEI6HSUOQFT9IAD2C6ODR,17:3KYQYYSHYXEI6HSUOQFT9IAD2C6ODR,362E9TQF2IX8ZVUO2JYU7ML1KUNGIW,live,2020-10-29 18:54:46.109394,3,,bad_data
8,2020-10-29 18:43:02.247116,,,,,,f,,{},participant,292b3721d6fad18df17fc57fb9746a94,mturk,8,3QJOXOW4XLYZYKLI75B0NW3T7OSME3,8:3QJOXOW4XLYZYKLI75B0NW3T7OSME3,362E9TQF2IX8ZVUO2JYU7ML1KUNGIW,live,2020-10-29 19:10:10.767199,3,0.6,approved
19,2020-10-29 18:43:20.668538,,,,,,f,,{},participant,9c312ef5fc991a6f06755923e1fdf894,mturk,19,358010RM5G0RU768G22JYH7DENFXV4,19:358010RM5G0RU768G22JYH7DENFXV4,362E9TQF2IX8ZVUO2JYU7ML1KUNGIW,live,2020-10-29 18:58:22.463193,3,,bad_data
54,2020-10-29 18:46:50.860575,,,,,,f,,{},participant,03975a4b41179c7fdb2a2d66b7fdb2e6,mturk,54,38F71OA9GV3R4YLE2GV65EOTJP7MFL,54:38F71OA9GV3R4YLE2GV65EOTJP7MFL,362E9TQF2IX8ZVUO2JYU7ML1KUNGIW,live,2020-10-29 19:10:11.633945,3,0,approved
9,2020-10-29 18:43:04.627213,,,,,,f,,{},participant,6fc48d8585e1a921f5d63c823d819a03,mturk,9,3Q5ZZ9ZEVQMKHCQL238EEKWLAQ458X,9:3Q5ZZ9ZEVQMKHCQL238EEKWLAQ458X,362E9TQF2IX8ZVUO2JYU7ML1KUNGIW,live,2020-10-29 19:10:28.503801,3,1,approved
15,2020-10-29 18:43:14.587656,,,,,,f,,{},participant,592f48c1a214e90c3e69f33846758b14,mturk,15,3E1QT0TDFRGWT0L09NR83T0QFCAI8K,15:3E1QT0TDFRGWT0L09NR83T0QFCAI8K,362E9TQF2IX8ZVUO2JYU7ML1KUNGIW,live,2020-10-29 19:10:28.438689,3,2,approved
255,2020-10-29 19:16:40.717916,,,,,,f,,{},participant,ed3619f4ee19336909d3b01505ea31f0,mturk,255,34Q075JO1ZK3B5KZ6CTNIFDMFCP10Q,255:34Q075JO1ZK3B5KZ6CTNIFDMFCP10Q,362E9TQF2IX8ZVUO2JYU7ML1KUNGIW,live,2020-10-29 19:23:06.473486,3,,bad_data
340,2020-10-29 19:43:08.37751,,,,,,f,,{},participant,a46f061f99ecb9fbb5834309c7eaa039,mturk,340,3IX2EGZR7DQY6GK2QEI86BAVIJRJRD,340:3IX2EGZR7DQY6GK2QEI86BAVIJRJRD,362E9TQF2IX8ZVUO2JYU7ML1KUNGIW,live,2020-10-29 19:44:21.058871,,,returned
124,2020-10-29 18:53:08.930104,,,,,,f,,{},participant,aacd2767fa492fe588cbb048df56e20e,mturk,124,3AZHRG4CU6RZL8YETG7668SJDW230J,124:3AZHRG4CU6RZL8YETG7668SJDW230J,362E9TQF2IX8ZVUO2JYU7ML1KUNGIW,live,2020-10-29 19:01:04.621628,3,,bad_data
213,2020-10-29 19:06:42.181977,,,,,,f,,{},participant,8d1e0fa4af38bd37e5d744af44869166,mturk,213,3K2755HG5UAO04F1PNW3MO1ZABFDFU,213:3K2755HG5UAO04F1PNW3MO1ZABFDFU,362E9TQF2IX8ZVUO2JYU7ML1KUNGIW,live,2020-10-29 19:34:06.474644,3,1,approved
134,2020-10-29 18:54:02.145027,,,,,,f,,{},participant,f2734e7451d17c9397cfc18f9299be26,mturk,134,39KFRKBFIP2L4SNLKM27M3KEK0DOY0,134:39KFRKBFIP2L4SNLKM27M3KEK0DOY0,362E9TQF2IX8ZVUO2JYU7ML1KUNGIW,live,2020-10-29 19:24:28.680376,3,2.2,approved
236,2020-10-29 19:12:13.656069,,,,,,f,,{},participant,002f4b679d7697cfc4f93dba2d41e25a,mturk,236,3WQQ9FUS6C1M6S7U3DZRH6WDKMQ8B1,236:3WQQ9FUS6C1M6S7U3DZRH6WDKMQ8B1,362E9TQF2IX8ZVUO2JYU7ML1KUNGIW,live,2020-10-29 19:21:04.431629,3,,bad_data
215,2020-10-29 19:06:56.068647,,,,,,f,,{},participant,836b074912d483fba24e1504c9145511,mturk,215,3OCHAWUVGQRDEWCWHYOCW8WWYP9KX6,215:3OCHAWUVGQRDEWCWHYOCW8WWYP9KX6,362E9TQF2IX8ZVUO2JYU7ML1KUNGIW,live,2020-10-29 19:34:22.544582,3,0.6,approved
232,2020-10-29 19:11:14.922605,,,,,,f,,{},participant,3bb16a7f6ff03ef552a1abf253f148a2,mturk,232,3FPRZHYEP0EFE9ZUWDVVR1I97SEV32,232:3FPRZHYEP0EFE9ZUWDVVR1I97SEV32,362E9TQF2IX8ZVUO2JYU7ML1KUNGIW,live,2020-10-29 19:36:34.616419,3,0.8,approved
41,2020-10-29 18:44:42.764221,,,,,,f,,{},participant,0b94f498c4ff74be80d4ad4e13719f3b,mturk,41,3ITXP059PYQA7VKF53IDWLFR4L6JSX,41:3ITXP059PYQA7VKF53IDWLFR4L6JSX,362E9TQF2IX8ZVUO2JYU7ML1KUNGIW,live,2020-10-29 19:11:52.869558,3,0.4,approved
147,2020-10-29 18:55:04.973218,,,,,,f,,{},participant,52da69d8b09bbd4d31bf50ddf443cdd7,mturk,147,3NJM2BJS4YDQMPYH3UXXECXLRHQCPW,147:3NJM2BJS4YDQMPYH3UXXECXLRHQCPW,362E9TQF2IX8ZVUO2JYU7ML1KUNGIW,live,2020-10-29 19:22:03.099489,3,2.4,approved
49,2020-10-29 18:45:38.695565,,,,,,f,,{},participant,1a7a530ea0f20c844009c83c685f41b7,mturk,49,3K4J6M3CXG0WGX8KGXBJE8T5QNIAGO,49:3K4J6M3CXG0WGX8KGXBJE8T5QNIAGO,362E9TQF2IX8ZVUO2JYU7ML1KUNGIW,live,2020-10-29 19:12:06.328122,3,0,approved
312,2020-10-29 19:28:37.348662,,,,,,f,,{},participant,ae264f9507918177eacf7abb8a2e07de,mturk,312,3I0BTBYZAZS01BV2I10WW2OWMX3Y0Q,312:3I0BTBYZAZS01BV2I10WW2OWMX3Y0Q,362E9TQF2IX8ZVUO2JYU7ML1KUNGIW,live,2020-10-29 19:29:06.376641,3,,bad_data
146,2020-10-29 18:54:48.223364,,,,,,f,,{},participant,8053bee243f80461457a86cd0bc9d74d,mturk,146,3AUQQEL7U70JXH0XDQDCP3K24GVV08,146:3AUQQEL7U70JXH0XDQDCP3K24GVV08,362E9TQF2IX8ZVUO2JYU7ML1KUNGIW,live,2020-10-29 19:22:21.856329,3,1.2,approved
303,2020-10-29 19:26:45.810554,,,,,,f,,{},participant,7825389ce05ad072bae67c6152366d16,mturk,303,30BXRYBRP647N66Y18PTHX2XX66HWD,303:30BXRYBRP647N66Y18PTHX2XX66HWD,362E9TQF2IX8ZVUO2JYU7ML1KUNGIW,live,2020-10-29 19:27:46.562739,3,,bad_data
228,2020-10-29 19:09:51.739452,,,,,,f,,{},participant,4c074ae2054eb18a3c75f8b3d7972238,mturk,228,3EA3QWIZ4K2FRKDOCL23UPWDTPVIT9,228:3EA3QWIZ4K2FRKDOCL23UPWDTPVIT9,362E9TQF2IX8ZVUO2JYU7ML1KUNGIW,live,2020-10-29 19:29:11.601141,,,abandoned
34,2020-10-29 18:44:04.481608,,,,,,f,,{},participant,2575deeb69a89e3c0cba2adbc449c933,mturk,34,3KMS4QQVK4XWEALBH4IQQ1WPUKCFK9,34:3KMS4QQVK4XWEALBH4IQQ1WPUKCFK9,362E9TQF2IX8ZVUO2JYU7ML1KUNGIW,live,2020-10-29 19:14:07.592395,3,0,approved
254,2020-10-29 19:15:55.700601,,,,,,f,,{},participant,94d107f72e2ed462d3dcd76f0dc509e6,mturk,254,3XXU1SWE8O2Z5TXZ2VMGTG6PJ6Y0AG,254:3XXU1SWE8O2Z5TXZ2VMGTG6PJ6Y0AG,362E9TQF2IX8ZVUO2JYU7ML1KUNGIW,live,2020-10-29 19:31:43.58613,,,returned
199,2020-10-29 19:04:50.588958,,,,,,f,,{},participant,45f2d815f9499ffa0455c59410056b31,mturk,199,3JNQLM5FT6TNXMRHE9FKLIFFAGH2LK,199:3JNQLM5FT6TNXMRHE9FKLIFFAGH2LK,362E9TQF2IX8ZVUO2JYU7ML1KUNGIW,live,2020-10-29 19:34:54.62279,3,0.2,approved
67,2020-10-29 18:48:48.987066,,,,,,f,,{},participant,33f5490651b693a67436879c6b9a7ee2,mturk,67,3FFJ6VRIL3VEBBGXEJETAEU8WE00IH,67:3FFJ6VRIL3VEBBGXEJETAEU8WE00IH,362E9TQF2IX8ZVUO2JYU7ML1KUNGIW,live,2020-10-29 19:14:57.923515,3,0.8,approved
322,2020-10-29 19:31:58.542034,,,,,,f,,{},participant,e023f4a57be6c9c48d8e17a0b2fabe0f,mturk,322,339ANSOTR79GO1N1ICOBTY9HACCKID,322:339ANSOTR79GO1N1ICOBTY9HACCKID,362E9TQF2IX8ZVUO2JYU7ML1KUNGIW,live,2020-10-29 19:32:46.005917,3,,bad_data
139,2020-10-29 18:54:16.137139,,,,,,f,,{},participant,0825801181e900cffce6a204716ab47e,mturk,139,3B1NLC6UG13331EM5GTG43I0P9KPGL,139:3B1NLC6UG13331EM5GTG43I0P9KPGL,362E9TQF2IX8ZVUO2JYU7ML1KUNGIW,live,2020-10-29 19:01:04.722876,3,,bad_data
21,2020-10-29 18:43:22.776136,,,,,,f,,{},participant,1997991844780adbe7997c9f728b2496,mturk,21,3V5Q80FXIZY6HI1S83BKPWLYAUM323,21:3V5Q80FXIZY6HI1S83BKPWLYAUM323,362E9TQF2IX8ZVUO2JYU7ML1KUNGIW,live,2020-10-29 19:14:34.336976,3,0.2,approved
71,2020-10-29 18:49:03.754475,,,,,,f,,{},participant,1fb601777890e01749a59a82dce50a84,mturk,71,36U2A8VAG362E126MUAEFM350V4KYD,71:36U2A8VAG362E126MUAEFM350V4KYD,362E9TQF2IX8ZVUO2JYU7ML1KUNGIW,live,2020-10-29 19:14:56.432098,3,0.2,approved
65,2020-10-29 18:48:45.53618,,,,,,f,,{},participant,bd3699116bad6d99c23f41e4e4d86efc,mturk,65,37C0GNLMHHASHBMQOUTZSIOMHCE6DM,65:37C0GNLMHHASHBMQOUTZSIOMHCE6DM,362E9TQF2IX8ZVUO2JYU7ML1KUNGIW,live,2020-10-29 19:10:00.48244,3,0.8,approved
35,2020-10-29 18:44:19.665049,,,,,,f,,{},participant,c4620be9dba9aacaeef0f0d1e0463359,mturk,35,3GGAI1SQEX5K1M14BE55X83QMCFCM0,35:3GGAI1SQEX5K1M14BE55X83QMCFCM0,362E9TQF2IX8ZVUO2JYU7ML1KUNGIW,live,2020-10-29 19:10:02.634866,3,,bad_data
30,2020-10-29 18:43:49.879361,,,,,,f,,{},participant,b33677b1f12042ab0fa65347aff8c447,mturk,30,3OONKJ5DKEQPRKUAAUONESMDZRUOBK,30:3OONKJ5DKEQPRKUAAUONESMDZRUOBK,362E9TQF2IX8ZVUO2JYU7ML1KUNGIW,live,2020-10-29 19:10:10.403593,3,2.6,approved
200,2020-10-29 19:04:52.573485,,,,,,f,,{},participant,e8f702dddd24d8010ea70a5f2a225090,mturk,200,3VSOLARPKDGHH2MRTCQZZJTCG00935,200:3VSOLARPKDGHH2MRTCQZZJTCG00935,362E9TQF2IX8ZVUO2JYU7ML1KUNGIW,live,2020-10-29 19:34:06.570458,3,2.4,approved
256,2020-10-29 19:17:01.282253,,,,,,f,,{},participant,8c2b08411f81e112309c3ab2e930759f,mturk,256,3CFVK00FWNSBFNAI1BRNBVWRQLG6L2,256:3CFVK00FWNSBFNAI1BRNBVWRQLG6L2,362E9TQF2IX8ZVUO2JYU7ML1KUNGIW,live,2020-10-29 19:21:38.400823,3,,bad_data
341,2020-10-29 19:43:36.471018,,,,,,f,,{},participant,9606cb06726e6825a04b28bed5512db2,mturk,341,3C8HJ7UOP91X9FCE3SPD864BVU8MZG,341:3C8HJ7UOP91X9FCE3SPD864BVU8MZG,362E9TQF2IX8ZVUO2JYU7ML1KUNGIW,live,2020-10-29 19:44:16.608225,3,,bad_data
304,2020-10-29 19:26:49.497095,,,,,,f,,{},participant,7a0ff1f5081bf167e06091a08cb44638,mturk,304,3XIQGXAUMEFPJH5CY4Z3S3RAS59X7D,304:3XIQGXAUMEFPJH5CY4Z3S3RAS59X7D,362E9TQF2IX8ZVUO2JYU7ML1KUNGIW,live,2020-10-29 19:28:20.516603,3,,bad_data
135,2020-10-29 18:54:05.310709,,,,,,f,,{},participant,b9b3acdb080adaab491e017c49ef306d,mturk,135,32N49TQG3IPFYUYF5SA5E9WFD27AVE,135:32N49TQG3IPFYUYF5SA5E9WFD27AVE,362E9TQF2IX8ZVUO2JYU7ML1KUNGIW,live,2020-10-29 19:22:40.802167,3,0.4,approved
313,2020-10-29 19:29:14.93724,,,,,,f,,{},participant,ada3c453e5a64cf82746fa81489a94c8,mturk,313,35DR22AR5FR7IY4PWSWDFMFUN3U3XL,313:35DR22AR5FR7IY4PWSWDFMFUN3U3XL,362E9TQF2IX8ZVUO2JYU7ML1KUNGIW,live,2020-10-29 19:29:42.627474,,,returned
282,2020-10-29 19:23:07.277012,,,,,,f,,{},participant,e2ccfb6951db0ca0cf36d5746252aa02,mturk,282,3I02618YA2DM8JFHPLIX8IJRYH4PUQ,282:3I02618YA2DM8JFHPLIX8IJRYH4PUQ,362E9TQF2IX8ZVUO2JYU7ML1KUNGIW,live,2020-10-29 19:44:35.630227,3,,bad_data
330,2020-10-29 19:35:14.719421,,,,,,f,,{},participant,71ca9d3054e5ec26e99bd74be6584177,mturk,330,3RGU30DZTCF7907AL6MRKCGLCWOJML,330:3RGU30DZTCF7907AL6MRKCGLCWOJML,362E9TQF2IX8ZVUO2JYU7ML1KUNGIW,live,2020-10-29 19:36:17.572157,3,,bad_data
233,2020-10-29 19:11:25.036975,,,,,,f,,{},participant,7360bc7abe9d549579d35210f88b2d8b,mturk,233,30OG32W0SWI5G26IJ6Q00BSTCE4ENX,233:30OG32W0SWI5G26IJ6Q00BSTCE4ENX,362E9TQF2IX8ZVUO2JYU7ML1KUNGIW,live,2020-10-29 19:38:53.022365,3,0.4,approved
329,2020-10-29 19:34:12.877584,,,,,,f,,{},participant,cfd1d1bce06d83786193f1e037ad4246,mturk,329,3OXV7EAXLGXUZJKTV5NNF92AQZV36R,329:3OXV7EAXLGXUZJKTV5NNF92AQZV36R,362E9TQF2IX8ZVUO2JYU7ML1KUNGIW,live,2020-10-29 19:35:20.136173,3,,bad_data
187,2020-10-29 19:02:26.188242,,,,,,f,,{},participant,b4c9ff8198ca6ae1d1f9919e11bd0f96,mturk,187,3IFS6Q0HJKQECK09NLXDKK0RR6HSIU,187:3IFS6Q0HJKQECK09NLXDKK0RR6HSIU,362E9TQF2IX8ZVUO2JYU7ML1KUNGIW,live,2020-10-29 19:11:40.102666,3,,bad_data
150,2020-10-29 18:55:13.086202,,,,,,f,,{},participant,a418991ff89a86ff7dcaf9adc90aadd2,mturk,150,39ASUFLU6ZEASWKMLCD9YDJRESCEXF,150:39ASUFLU6ZEASWKMLCD9YDJRESCEXF,362E9TQF2IX8ZVUO2JYU7ML1KUNGIW,live,2020-10-29 19:10:00.578997,3,,bad_data
305,2020-10-29 19:26:53.957513,,,,,,f,,{},participant,701e4c796716c0123e8bd9fdc86eb52d,mturk,305,3CPLWGV3MQ6OL6F1BVAE8XRILHUN92,305:3CPLWGV3MQ6OL6F1BVAE8XRILHUN92,362E9TQF2IX8ZVUO2JYU7ML1KUNGIW,live,2020-10-29 19:28:20.566602,3,,bad_data
61,2020-10-29 18:48:38.397142,,,,,,f,,{},participant,2df25274a651b41bc8111916c089ef70,mturk,61,369J354OFFHVTVWHQKU7Y3RJU4TG65,61:369J354OFFHVTVWHQKU7Y3RJU4TG65,362E9TQF2IX8ZVUO2JYU7ML1KUNGIW,live,2020-10-29 19:10:01.134587,3,0,approved
36,2020-10-29 18:44:21.529918,,,,,,f,,{},participant,07b791f86d1128d056400a2a8b1ff385,mturk,36,36H9ULYP64113QFTZJIEPMWCFVCFJA,36:36H9ULYP64113QFTZJIEPMWCFVCFJA,362E9TQF2IX8ZVUO2JYU7ML1KUNGIW,live,2020-10-29 19:13:19.988546,3,0,approved
20,2020-10-29 18:43:21.862658,,,,,,f,,{},participant,d23f43478885a06f31cd09b6dc44cbc1,mturk,20,304SM51WA5B4PCM3HB5WYXWEWGXSBL,20:304SM51WA5B4PCM3HB5WYXWEWGXSBL,362E9TQF2IX8ZVUO2JYU7ML1KUNGIW,live,2020-10-29 19:14:34.303703,3,0.8,approved
275,2020-10-29 19:22:09.656171,,,,,,f,,{},participant,a2806f726ca780c3ad25b4ad5d062db0,mturk,275,3EFE17QCRECEGPPPH3FSK8ZCRTAHSY,275:3EFE17QCRECEGPPPH3FSK8ZCRTAHSY,362E9TQF2IX8ZVUO2JYU7ML1KUNGIW,live,2020-10-29 19:40:13.913401,3,1.2,approved
283,2020-10-29 19:23:12.137195,,,,,,f,,{},participant,e6df7cb12104769edf73131fccf5bf07,mturk,283,34Z02EIMIUK4KPW88VDXOLWH7VM0T4,283:34Z02EIMIUK4KPW88VDXOLWH7VM0T4,362E9TQF2IX8ZVUO2JYU7ML1KUNGIW,live,2020-10-29 19:24:59.645007,3,,bad_data
178,2020-10-29 19:01:05.925374,,,,,,f,,{},participant,0168dd5206694c2903f23dd2c87ebc32,mturk,178,340UGXU9D08ZD3CDBXRWEA89K5YUV9,178:340UGXU9D08ZD3CDBXRWEA89K5YUV9,362E9TQF2IX8ZVUO2JYU7ML1KUNGIW,live,2020-10-29 19:25:01.94943,,,returned
306,2020-10-29 19:26:58.277347,,,,,,f,,{},participant,9d29344181f41bc79f6a71e7bda6eafd,mturk,306,3L0KT67Y8GN02KFER3JG68UFHPNYSE,306:3L0KT67Y8GN02KFER3JG68UFHPNYSE,362E9TQF2IX8ZVUO2JYU7ML1KUNGIW,live,2020-10-29 19:28:58.869255,3,,bad_data
257,2020-10-29 19:18:12.531043,,,,,,f,,{},participant,2121238a59e29c28db8200f024088f7f,mturk,257,3I3WADAZ9SBN24D19KXAB6MLPV8O5J,257:3I3WADAZ9SBN24D19KXAB6MLPV8O5J,362E9TQF2IX8ZVUO2JYU7ML1KUNGIW,live,2020-10-29 19:40:26.703451,3,0.6,approved
203,2020-10-29 19:04:58.126193,,,,,,f,,{},participant,83ff1873ca01b3ccf9e5b90950966b84,mturk,203,3IXQG4FA2V5MKXQ48555H2RO4SD9BW,203:3IXQG4FA2V5MKXQ48555H2RO4SD9BW,362E9TQF2IX8ZVUO2JYU7ML1KUNGIW,live,2020-10-29 19:27:06.401893,3,,bad_data
314,2020-10-29 19:29:19.339246,,,,,,f,,{},participant,5c99a0379a2b618b5d5c3dc3e92c2dc8,mturk,314,3LRKMWOKB7O72B8LTA6TTXQDPPS2Z6,314:3LRKMWOKB7O72B8LTA6TTXQDPPS2Z6,362E9TQF2IX8ZVUO2JYU7ML1KUNGIW,live,2020-10-29 19:31:55.587303,,,returned
184,2020-10-29 19:01:37.743617,,,,,,f,,{},participant,0ca6a854150901927de65fccdda38f78,mturk,184,3VHHR074H5OUJNONKLWFH9WNLWZL7F,184:3VHHR074H5OUJNONKLWFH9WNLWZL7F,362E9TQF2IX8ZVUO2JYU7ML1KUNGIW,live,2020-10-29 19:33:29.875997,,,abandoned
342,2020-10-29 19:46:56.351126,,,,,,f,,{},participant,dde2114efbf5cbfac87d37106d45943c,mturk,342,3OJSZ2ATDU3GHYL2SYG80K0QZ6675K,342:3OJSZ2ATDU3GHYL2SYG80K0QZ6675K,362E9TQF2IX8ZVUO2JYU7ML1KUNGIW,live,2020-10-29 19:47:34.657804,3,,bad_data
94,2020-10-29 18:49:58.628394,,,,,,f,,{},participant,2969a657f2dcccf510024126cd723399,mturk,94,3TPZPLC3M2J29P2YA1MWL9TRL4EP3C,94:3TPZPLC3M2J29P2YA1MWL9TRL4EP3C,362E9TQF2IX8ZVUO2JYU7ML1KUNGIW,live,2020-10-29 19:11:40.161423,3,1.2,approved
185,2020-10-29 19:01:48.387924,,,,,,f,,{},participant,bbd5617226d15529005a756f5f7a8808,mturk,185,3EICBYG6463U0EVJ8HSDHGB9IIKCJW,185:3EICBYG6463U0EVJ8HSDHGB9IIKCJW,362E9TQF2IX8ZVUO2JYU7ML1KUNGIW,live,2020-10-29 19:02:41.614664,,,returned
343,2020-10-29 19:47:39.615004,,,,,,f,,{},participant,b6a3fa445dbc508c5a34d32146d5a2dc,mturk,343,32SCWG5HIJB168PGT3KUSC5BVVN6P6,343:32SCWG5HIJB168PGT3KUSC5BVVN6P6,362E9TQF2IX8ZVUO2JYU7ML1KUNGIW,live,2020-10-29 19:49:06.582541,3,,bad_data
258,2020-10-29 19:18:19.179814,,,,,,f,,{},participant,462a0b26656ec5c1c1e92be271a2b2a2,mturk,258,3EJJQNKU9TC2FAPC2EFNUYUG5RJHR2,258:3EJJQNKU9TC2FAPC2EFNUYUG5RJHR2,362E9TQF2IX8ZVUO2JYU7ML1KUNGIW,live,2020-10-29 19:27:37.090764,,,abandoned
24,2020-10-29 18:43:28.88002,,,,,,f,,{},participant,edf167a364efe0da99075d470c982109,mturk,24,3BWI6RSP7IGGDHEV3Z9B4E63CZX7ED,24:3BWI6RSP7IGGDHEV3Z9B4E63CZX7ED,362E9TQF2IX8ZVUO2JYU7ML1KUNGIW,live,2020-10-29 19:10:10.812156,3,0,approved
37,2020-10-29 18:44:23.186837,,,,,,f,,{},participant,5b2b8201ae6004cc6b291e1e7f24fa12,mturk,37,3G5W44VEU9P2SAH6SOO88MW1VZCKGD,37:3G5W44VEU9P2SAH6SOO88MW1VZCKGD,362E9TQF2IX8ZVUO2JYU7ML1KUNGIW,live,2020-10-29 19:10:10.466684,3,1.6,approved
250,2020-10-29 19:14:38.51881,,,,,,f,,{},participant,f3a082720f3ff9aa2bcd1b14fd51b1b6,mturk,250,3483FV8BEGQ5E1OAR59IWZXIKLN267,250:3483FV8BEGQ5E1OAR59IWZXIKLN267,362E9TQF2IX8ZVUO2JYU7ML1KUNGIW,live,2020-10-29 19:19:41.469361,3,,bad_data
307,2020-10-29 19:26:59.221705,,,,,,f,,{},participant,bb850182a615b019902c60ec1ba33e2d,mturk,307,3F0BG9B9MRUEJMVM30L5BHYJUB9Y7Q,307:3F0BG9B9MRUEJMVM30L5BHYJUB9Y7Q,362E9TQF2IX8ZVUO2JYU7ML1KUNGIW,live,2020-10-29 19:28:04.943121,3,,bad_data
204,2020-10-29 19:05:08.116513,,,,,,f,,{},participant,1f0a36f70c05e248bf1921a29454ad5d,mturk,204,3KXIR214I6NRZEKW8HG3Z1D4OUM24R,204:3KXIR214I6NRZEKW8HG3Z1D4OUM24R,362E9TQF2IX8ZVUO2JYU7ML1KUNGIW,live,2020-10-29 19:35:46.127401,3,0,approved
276,2020-10-29 19:22:13.529814,,,,,,f,,{},participant,bfda06b24962bce494831545d66e8f9c,mturk,276,3M68NM076JEMIL5V6VOJX75QWDB6RY,276:3M68NM076JEMIL5V6VOJX75QWDB6RY,362E9TQF2IX8ZVUO2JYU7ML1KUNGIW,live,2020-10-29 19:27:46.71618,3,,bad_data
179,2020-10-29 19:01:05.975493,,,,,,f,,{},participant,706899db4c3b11017095554530e82a96,mturk,179,3IUZPWIU1QEYPW767TSQUPIPPN3WKP,179:3IUZPWIU1QEYPW767TSQUPIPPN3WKP,362E9TQF2IX8ZVUO2JYU7ML1KUNGIW,live,2020-10-29 19:20:31.416282,3,,bad_data
284,2020-10-29 19:23:30.516205,,,,,,f,,{},participant,ccc26640d124dbac9b0760d5a4462f82,mturk,284,3G2UL9A02FLC02LGXHQDSQEQV1H760,284:3G2UL9A02FLC02LGXHQDSQEQV1H760,362E9TQF2IX8ZVUO2JYU7ML1KUNGIW,live,2020-10-29 19:51:39.442427,,,working
315,2020-10-29 19:29:52.390577,,,,,,f,,{},participant,e352ca5ccfddf3bf1c3aa6ad090ee290,mturk,315,3FUI0JHJPZ5V20XBC3PP86QQG8T33L,315:3FUI0JHJPZ5V20XBC3PP86QQG8T33L,362E9TQF2IX8ZVUO2JYU7ML1KUNGIW,live,2020-10-29 19:30:57.33582,,,returned
331,2020-10-29 19:35:42.510353,,,,,,f,,{},participant,5456b10fbcca7b8702eb49baec5271c0,mturk,331,3NXNZ5RS1C4ZILNEVOTPC05SL2P79B,331:3NXNZ5RS1C4ZILNEVOTPC05SL2P79B,362E9TQF2IX8ZVUO2JYU7ML1KUNGIW,live,2020-10-29 19:36:34.570032,3,,bad_data
308,2020-10-29 19:27:06.817794,,,,,,f,,{},participant,32ed8f1285c6bd86343eb13757ebceb9,mturk,308,31N2WW6R9TXQICD4WYQR9FFNJYY3FU,308:31N2WW6R9TXQICD4WYQR9FFNJYY3FU,362E9TQF2IX8ZVUO2JYU7ML1KUNGIW,live,2020-10-29 19:28:01.021302,,,returned
95,2020-10-29 18:49:58.903621,,,,,,f,,{},participant,882565d5367d7d98c08d8e29ac6e6e7f,mturk,95,378XPAWRUEKACOEF6LBMZK6L50BIAP,95:378XPAWRUEKACOEF6LBMZK6L50BIAP,362E9TQF2IX8ZVUO2JYU7ML1KUNGIW,live,2020-10-29 19:18:58.622863,3,0.4,approved
285,2020-10-29 19:23:33.38068,,,,,,f,,{},participant,d4ebaf3620e741df7be3431f9ceb44bf,mturk,285,3TXD01ZLD6O0JQTYR1Q95K8W7L64UC,285:3TXD01ZLD6O0JQTYR1Q95K8W7L64UC,362E9TQF2IX8ZVUO2JYU7ML1KUNGIW,live,2020-10-29 19:24:13.711955,,,returned
10,2020-10-29 18:43:07.022073,,,,,,f,,{},participant,b9e3411348bb7e5964098187ba1ac9fe,mturk,10,3N2BF7Y2VS1BIUCKX6J68Z06Z4KHME,10:3N2BF7Y2VS1BIUCKX6J68Z06Z4KHME,362E9TQF2IX8ZVUO2JYU7ML1KUNGIW,live,2020-10-29 18:45:46.23713,3,,bad_data
205,2020-10-29 19:05:09.289521,,,,,,f,,{},participant,bfa4bc732c7fbf9a81b78f52d37272bf,mturk,205,3EO896NRAY2BMVXUU3N36QBD64OJTQ,205:3EO896NRAY2BMVXUU3N36QBD64OJTQ,362E9TQF2IX8ZVUO2JYU7ML1KUNGIW,live,2020-10-29 19:34:06.490215,3,2,approved
140,2020-10-29 18:54:22.133024,,,,,,f,,{},participant,5f4d66c2e32de5832d70224e9fd6118d,mturk,140,35LDD5557CB2KKDS3RM3LRGYRLOKML,140:35LDD5557CB2KKDS3RM3LRGYRLOKML,362E9TQF2IX8ZVUO2JYU7ML1KUNGIW,live,2020-10-29 19:22:21.886522,3,0.4,approved
316,2020-10-29 19:30:29.916872,,,,,,f,,{},participant,24a2894effefb25281d765ebc37fd80f,mturk,316,3IKZ72A5B6NXMG6EEHA6ITDTOFPFNM,316:3IKZ72A5B6NXMG6EEHA6ITDTOFPFNM,362E9TQF2IX8ZVUO2JYU7ML1KUNGIW,live,2020-10-29 19:48:40.651088,3,,bad_data
116,2020-10-29 18:52:00.92133,,,,,,f,,{},participant,e18de9d890789c5acf5b0648d3b57caf,mturk,116,34BBWHLWHCI7J1HI7Q7EH93CXJEWIE,116:34BBWHLWHCI7J1HI7Q7EH93CXJEWIE,362E9TQF2IX8ZVUO2JYU7ML1KUNGIW,live,2020-10-29 19:10:59.315466,3,,bad_data
344,2020-10-29 19:48:46.825352,,,,,,f,,{},participant,fac1d74e963aeec7fffbd74cdd6a02b4,mturk,344,3KGTPGBS6ZSQGCEBNN7LC5BYN7D2UH,344:3KGTPGBS6ZSQGCEBNN7LC5BYN7D2UH,362E9TQF2IX8ZVUO2JYU7ML1KUNGIW,live,2020-10-29 19:49:38.510581,,,returned
290,2020-10-29 19:23:55.843352,,,,,,f,,{},participant,137fd5856ddc3580eb9a424a50b7f9ca,mturk,290,3Z4GS9HPNXHV42ZLGRV5Y4EMQC177Z,290:3Z4GS9HPNXHV42ZLGRV5Y4EMQC177Z,362E9TQF2IX8ZVUO2JYU7ML1KUNGIW,live,2020-10-29 19:26:16.831606,3,,bad_data
38,2020-10-29 18:44:37.415197,,,,,,f,,{},participant,b50c34e1d52a58576324c3f8ac0b146f,mturk,38,3TS1AR6UQSL8JVERYATHMWR3O0C7FV,38:3TS1AR6UQSL8JVERYATHMWR3O0C7FV,362E9TQF2IX8ZVUO2JYU7ML1KUNGIW,live,2020-10-29 19:11:53.045398,3,1.8,approved
332,2020-10-29 19:35:44.938244,,,,,,f,,{},participant,beb268160be3c1c3c2b1b6a4778e043a,mturk,332,30LSNF239W2L7LJBT6I7T2NNTCQI2P,332:30LSNF239W2L7LJBT6I7T2NNTCQI2P,362E9TQF2IX8ZVUO2JYU7ML1KUNGIW,live,2020-10-29 19:36:53.263881,3,,bad_data
180,2020-10-29 19:01:08.885096,,,,,,f,,{},participant,c8ef5bc767342e95e1ff8a8e4034d2ff,mturk,180,30OG32W0SWI5G26IJ6Q00BSTCE6ENZ,180:30OG32W0SWI5G26IJ6Q00BSTCE6ENZ,362E9TQF2IX8ZVUO2JYU7ML1KUNGIW,live,2020-10-29 19:28:52.535008,3,0.4,approved
47,2020-10-29 18:45:20.610601,,,,,,f,,{},participant,354996028ffa9b7f43f369b11bde9bb4,mturk,47,3P529IW9K0S7YG3T24UR5194JKHFLC,47:3P529IW9K0S7YG3T24UR5194JKHFLC,362E9TQF2IX8ZVUO2JYU7ML1KUNGIW,live,2020-10-29 19:13:20.008315,3,0.6,approved
48,2020-10-29 18:45:26.797875,,,,,,f,,{},participant,40dee974bf43fe6c6ce88690a8c9c16a,mturk,48,3YMU66OBIPFBQKGYM3LBVUG93I8GH5,48:3YMU66OBIPFBQKGYM3LBVUG93I8GH5,362E9TQF2IX8ZVUO2JYU7ML1KUNGIW,live,2020-10-29 19:13:26.166391,3,0.4,approved
79,2020-10-29 18:49:24.210205,,,,,,f,,{},participant,42d6eac254b0e081938f61436f453e19,mturk,79,3O7L7BFSHGWD21VRMQD8V3WCQFAEIH,79:3O7L7BFSHGWD21VRMQD8V3WCQFAEIH,362E9TQF2IX8ZVUO2JYU7ML1KUNGIW,live,2020-10-29 19:14:45.778214,3,0.4,approved
234,2020-10-29 19:11:50.424044,,,,,,f,,{},participant,aec4219541c46625ed4b4224cb1d42ad,mturk,234,3VZLGYJEYNH83RBIHZRMJNK92YPZXA,234:3VZLGYJEYNH83RBIHZRMJNK92YPZXA,362E9TQF2IX8ZVUO2JYU7ML1KUNGIW,live,2020-10-29 19:38:46.576501,3,0.2,approved
114,2020-10-29 18:51:29.1122,,,,,,f,,{},participant,93dc7200755c8b1606179c00cec9b61c,mturk,114,3FQ5JJ512NV822YSFS13Y65YWBZKNM,114:3FQ5JJ512NV822YSFS13Y65YWBZKNM,362E9TQF2IX8ZVUO2JYU7ML1KUNGIW,live,2020-10-29 19:18:58.453389,3,1.8,approved
235,2020-10-29 19:12:02.038908,,,,,,f,,{},participant,bb8ca4b7601c5defb0bef467249e1d71,mturk,235,32RIADZISUBK4D1U2WV9QJQ8MOGS4F,235:32RIADZISUBK4D1U2WV9QJQ8MOGS4F,362E9TQF2IX8ZVUO2JYU7ML1KUNGIW,live,2020-10-29 19:36:52.780778,,,abandoned
309,2020-10-29 19:27:10.087556,,,,,,f,,{},participant,070efe5169f0993258be0d77748e926b,mturk,309,31Z0PCVWUMMI20WSTUY63064F9LT7Q,309:31Z0PCVWUMMI20WSTUY63064F9LT7Q,362E9TQF2IX8ZVUO2JYU7ML1KUNGIW,live,2020-10-29 19:28:52.569108,3,,bad_data
206,2020-10-29 19:05:14.418719,,,,,,f,,{},participant,a84d8c0f6bd67e0ce4b74eae575655dd,mturk,206,3DUZQ9U6SOVJYQK9MSWWZ9QLZ8ESVS,206:3DUZQ9U6SOVJYQK9MSWWZ9QLZ8ESVS,362E9TQF2IX8ZVUO2JYU7ML1KUNGIW,live,2020-10-29 19:08:57.829787,3,,bad_data
286,2020-10-29 19:23:33.592841,,,,,,f,,{},participant,b0b1e8986d17a783b10cfd6f79fda080,mturk,286,3JPSL1DZ5U62QPP631OE4S22RZCNAH,286:3JPSL1DZ5U62QPP631OE4S22RZCNAH,362E9TQF2IX8ZVUO2JYU7ML1KUNGIW,live,2020-10-29 19:49:33.733948,3,0,approved
39,2020-10-29 18:44:37.784947,,,,,,f,,{},participant,5fbd03d587372a9b6fab2efdf704b341,mturk,39,33TIN5LC06HIX5JFIXJPPDPPP1Q9Y6,39:33TIN5LC06HIX5JFIXJPPDPPP1Q9Y6,362E9TQF2IX8ZVUO2JYU7ML1KUNGIW,live,2020-10-29 19:13:26.827573,3,2.4,approved
292,2020-10-29 19:24:02.146834,,,,,,f,,{},participant,1e996684a361ad761596ee28af3c542e,mturk,292,3NVC2EB65S6WI3UZ1OIFY0M3P9NY3L,292:3NVC2EB65S6WI3UZ1OIFY0M3P9NY3L,362E9TQF2IX8ZVUO2JYU7ML1KUNGIW,live,2020-10-29 19:24:59.604058,3,,bad_data
333,2020-10-29 19:36:05.487447,,,,,,f,,{},participant,ffc17558c6b2e9e94b8458e68bf652ea,mturk,333,37QW5D2ZRITLNEOWEZLM7V6DOAGS8Q,333:37QW5D2ZRITLNEOWEZLM7V6DOAGS8Q,362E9TQF2IX8ZVUO2JYU7ML1KUNGIW,live,2020-10-29 19:38:06.536832,3,,bad_data
229,2020-10-29 19:10:44.169594,,,,,,f,,{},participant,2830be63885603643607c5b05ffdf1b0,mturk,229,3LRKMWOKB7O72B8LTA6TTXQDPPOZ2Z,229:3LRKMWOKB7O72B8LTA6TTXQDPPOZ2Z,362E9TQF2IX8ZVUO2JYU7ML1KUNGIW,live,2020-10-29 19:13:40.669696,3,,bad_data
317,2020-10-29 19:30:43.416831,,,,,,f,,{},participant,4fb3508dd547eb625e28c9faebae59c1,mturk,317,3V5Q80FXIZY6HI1S83BKPWLYAUT32A,317:3V5Q80FXIZY6HI1S83BKPWLYAUT32A,362E9TQF2IX8ZVUO2JYU7ML1KUNGIW,live,2020-10-29 19:32:08.7352,3,,bad_data
279,2020-10-29 19:22:47.050065,,,,,,f,,{},participant,ee4aa4118b257261fddb7a84425b6911,mturk,279,3A0EX8ZRNAV1LYYCGHXLGJKFD1UYB6,279:3A0EX8ZRNAV1LYYCGHXLGJKFD1UYB6,362E9TQF2IX8ZVUO2JYU7ML1KUNGIW,live,2020-10-29 19:26:06.424856,3,,bad_data
181,2020-10-29 19:01:17.45422,,,,,,f,,{},participant,83791b68799e2299747d2eb1f92fdb0b,mturk,181,3FTF2T8WLTPE80OF3W114G49ETRW9V,181:3FTF2T8WLTPE80OF3W114G49ETRW9V,362E9TQF2IX8ZVUO2JYU7ML1KUNGIW,live,2020-10-29 19:26:16.89511,3,0,approved
281,2020-10-29 19:22:58.509738,,,,,,f,,{},participant,e6a4f6bcd3ee543ca5e620bb00ed644a,mturk,281,3XLBSAQ9Z6JEOC5RZMNOPO7L05B7ZO,281:3XLBSAQ9Z6JEOC5RZMNOPO7L05B7ZO,362E9TQF2IX8ZVUO2JYU7ML1KUNGIW,live,2020-10-29 19:49:31.803921,,,abandoned
230,2020-10-29 19:10:53.987108,,,,,,f,,{},participant,2dd732e74e020fe2eeeb3300812e758c,mturk,230,3ON104KXQM3DBUI3M15AN8TTS1H4WB,230:3ON104KXQM3DBUI3M15AN8TTS1H4WB,362E9TQF2IX8ZVUO2JYU7ML1KUNGIW,live,2020-10-29 19:36:06.463302,3,,bad_data
310,2020-10-29 19:27:30.043783,,,,,,f,,{},participant,584a65003d5abb5ac983d8a13dd431ba,mturk,310,3907X2AHF2CDO76F618R2ZOZFQL2PL,310:3907X2AHF2CDO76F618R2ZOZFQL2PL,362E9TQF2IX8ZVUO2JYU7ML1KUNGIW,live,2020-10-29 19:28:20.479464,3,,bad_data
40,2020-10-29 18:44:38.962479,,,,,,f,,{},participant,62ab3555bfdc892109765b267f2d46a6,mturk,40,3SNVL38CI6ZPBY11Q2SPIVBMX7KCKV,40:3SNVL38CI6ZPBY11Q2SPIVBMX7KCKV,362E9TQF2IX8ZVUO2JYU7ML1KUNGIW,live,2020-10-29 18:53:19.63055,3,,bad_data
182,2020-10-29 19:01:18.276073,,,,,,f,,{},participant,57a98e43b9a13eb7d260495025028560,mturk,182,31LM9EDVONZDRISAX71RXR5LHMZNJQ,182:31LM9EDVONZDRISAX71RXR5LHMZNJQ,362E9TQF2IX8ZVUO2JYU7ML1KUNGIW,live,2020-10-29 19:07:06.456705,3,,bad_data
287,2020-10-29 19:23:34.330226,,,,,,f,,{},participant,973d7c5496d0694f724d8482ea1799b5,mturk,287,3U5NZHP4LT9H3X9XPMBYP3U1493HPI,287:3U5NZHP4LT9H3X9XPMBYP3U1493HPI,362E9TQF2IX8ZVUO2JYU7ML1KUNGIW,live,2020-10-29 19:24:59.557206,3,,bad_data
237,2020-10-29 19:12:42.504752,,,,,,f,,{},participant,88942c7b27c354461f42eb96b2c9ca98,mturk,237,3U4J9857OGII6E2BT87L360I92M7BF,237:3U4J9857OGII6E2BT87L360I92M7BF,362E9TQF2IX8ZVUO2JYU7ML1KUNGIW,live,2020-10-29 19:16:46.289349,3,,bad_data
96,2020-10-29 18:49:59.090222,,,,,,f,,{},participant,a623aa3a26cae05febe577d7811b5ec0,mturk,96,3UWN2HHPU0C6QLB0K1A5PSW8D5CSNB,96:3UWN2HHPU0C6QLB0K1A5PSW8D5CSNB,362E9TQF2IX8ZVUO2JYU7ML1KUNGIW,live,2020-10-29 19:18:58.571302,3,1.6,approved
334,2020-10-29 19:37:17.068319,,,,,,f,,{},participant,626fc1e2dea2b446424fd907a43fc9ac,mturk,334,3FFJ6VRIL3VEBBGXEJETAEU8WE60IN,334:3FFJ6VRIL3VEBBGXEJETAEU8WE60IN,362E9TQF2IX8ZVUO2JYU7ML1KUNGIW,live,2020-10-29 19:38:06.651186,3,,bad_data
318,2020-10-29 19:31:07.842583,,,,,,f,,{},participant,4a1dcf8e31b79d17db47d8e2220870e8,mturk,318,3P59JYT76NRBGZZMNIHB79PW4T62TQ,318:3P59JYT76NRBGZZMNIHB79PW4T62TQ,362E9TQF2IX8ZVUO2JYU7ML1KUNGIW,live,2020-10-29 19:32:06.634578,3,,bad_data
207,2020-10-29 19:05:35.613564,,,,,,f,,{},participant,ea0ee5567f73c6d6e28252c8442e9d7c,mturk,207,36V4Q8R5ZM7OVNBNGW60HDS7QRKMQJ,207:36V4Q8R5ZM7OVNBNGW60HDS7QRKMQJ,362E9TQF2IX8ZVUO2JYU7ML1KUNGIW,live,2020-10-29 19:33:55.224514,3,1.8,approved
104,2020-10-29 18:50:29.818329,,,,,,f,,{},participant,90f607a8d68f54f1afd288c5dd2d5b7d,mturk,104,3EJJQNKU9TC2FAPC2EFNUYUG5RKRHD,104:3EJJQNKU9TC2FAPC2EFNUYUG5RKRHD,362E9TQF2IX8ZVUO2JYU7ML1KUNGIW,live,2020-10-29 19:18:58.480926,3,1.8,approved
335,2020-10-29 19:37:35.624459,,,,,,f,,{},participant,6508489141498972ade35f36b6a31ec2,mturk,335,3FIJLY1B6WBXP1IRUWNYMIIOOUQFPI,335:3FIJLY1B6WBXP1IRUWNYMIIOOUQFPI,362E9TQF2IX8ZVUO2JYU7ML1KUNGIW,live,,,,working
211,2020-10-29 19:06:33.790563,,,,,,f,,{},participant,6e3b28ab75afa3e79fbcf817a00b4589,mturk,211,3LBXNTKX0T2TX0T5D1XN6ZIGNVVX9N,211:3LBXNTKX0T2TX0T5D1XN6ZIGNVVX9N,362E9TQF2IX8ZVUO2JYU7ML1KUNGIW,live,2020-10-29 19:12:42.484632,3,,bad_data
183,2020-10-29 19:01:26.595002,,,,,,f,,{},participant,11a8cb6f8ff28ffa1ceb40349c6db4b8,mturk,183,3XIQGXAUMEFPJH5CY4Z3S3RAS587XM,183:3XIQGXAUMEFPJH5CY4Z3S3RAS587XM,362E9TQF2IX8ZVUO2JYU7ML1KUNGIW,live,2020-10-29 19:28:34.007187,,,abandoned
42,2020-10-29 18:44:46.98729,,,,,,f,,{},participant,a03b1b4bc7510ca39ed7a52bf10bc6f4,mturk,42,3T3IWE1XG8US8I17PT7C3RNZKZCQTK,42:3T3IWE1XG8US8I17PT7C3RNZKZCQTK,362E9TQF2IX8ZVUO2JYU7ML1KUNGIW,live,2020-10-29 19:13:25.842425,3,0.8,approved
212,2020-10-29 19:06:41.469933,,,,,,f,,{},participant,d2bad158ad77887149745b3add4c6baa,mturk,212,3TEM0PF1Q74X300BM5DIJHEV49V0DI,212:3TEM0PF1Q74X300BM5DIJHEV49V0DI,362E9TQF2IX8ZVUO2JYU7ML1KUNGIW,live,2020-10-29 19:39:20.454672,3,0,approved
319,2020-10-29 19:31:18.136567,,,,,,f,,{},participant,3125dafb3ad518b9960f0d9a009ddbb6,mturk,319,3Y9N9SS8L0ITKSZ85SV1LFC27LGD3R,319:3Y9N9SS8L0ITKSZ85SV1LFC27LGD3R,362E9TQF2IX8ZVUO2JYU7ML1KUNGIW,live,2020-10-29 19:33:06.494641,3,,bad_data
288,2020-10-29 19:23:39.763115,,,,,,f,,{},participant,e813f91dab04a7c523693d027b2b1c53,mturk,288,3EG49X351WJ6FHR7FUUBMPREXUT6XR,288:3EG49X351WJ6FHR7FUUBMPREXUT6XR,362E9TQF2IX8ZVUO2JYU7ML1KUNGIW,live,2020-10-29 19:33:16.811583,,,returned
125,2020-10-29 18:53:13.086894,,,,,,f,,{},participant,1a912675d5b1310e610ef5b04e2e705c,mturk,125,3ON104KXQM3DBUI3M15AN8TTS1DW4Z,125:3ON104KXQM3DBUI3M15AN8TTS1DW4Z,362E9TQF2IX8ZVUO2JYU7ML1KUNGIW,live,2020-10-29 19:12:43.144354,3,,bad_data
50,2020-10-29 18:45:46.093553,,,,,,f,,{},participant,381f3af9ecb3c68c482bd97a38a0ea20,mturk,50,3NXNZ5RS1C4ZILNEVOTPC05SL2H793,50:3NXNZ5RS1C4ZILNEVOTPC05SL2H793,362E9TQF2IX8ZVUO2JYU7ML1KUNGIW,live,2020-10-29 19:03:17.990585,,,returned
289,2020-10-29 19:23:52.770106,,,,,,f,,{},participant,48fb49af17d1bc3aae34e66fb32fa482,mturk,289,3VP0C6EFSI3VL5S31NS2B8BGQQC6MA,289:3VP0C6EFSI3VL5S31NS2B8BGQQC6MA,362E9TQF2IX8ZVUO2JYU7ML1KUNGIW,live,2020-10-29 19:40:58.589644,3,,bad_data
44,2020-10-29 18:45:05.564461,,,,,,f,,{},participant,4834417f1255e0f866d3a9eff1023d8f,mturk,44,3WQ3B2KGEAN4VSN94SQC2W956GKB1K,44:3WQ3B2KGEAN4VSN94SQC2W956GKB1K,362E9TQF2IX8ZVUO2JYU7ML1KUNGIW,live,2020-10-29 18:48:51.633077,3,,bad_data
214,2020-10-29 19:06:54.606357,,,,,,f,,{},participant,0de1c946e7c3b598a505891f295acb26,mturk,214,3PJUZCGDJ8N3IZSX5TLVQ01NWMS98X,214:3PJUZCGDJ8N3IZSX5TLVQ01NWMS98X,362E9TQF2IX8ZVUO2JYU7ML1KUNGIW,live,2020-10-29 19:12:57.761293,3,,bad_data
186,2020-10-29 19:01:54.685697,,,,,,f,,{},participant,6b79313ac780ef9031302f9b667d47f0,mturk,186,31Z0PCVWUMMI20WSTUY63064F9O7T7,186:31Z0PCVWUMMI20WSTUY63064F9O7T7,362E9TQF2IX8ZVUO2JYU7ML1KUNGIW,live,2020-10-29 19:06:28.791129,3,,bad_data
259,2020-10-29 19:19:29.118809,,,,,,f,,{},participant,782fb234d65fe54e4aa548a9167107c6,mturk,259,3JC6VJ2SADQY00J0Z1SSAB2G0E9A5B,259:3JC6VJ2SADQY00J0Z1SSAB2G0E9A5B,362E9TQF2IX8ZVUO2JYU7ML1KUNGIW,live,2020-10-29 19:26:30.113156,3,,bad_data
320,2020-10-29 19:31:30.318771,,,,,,f,,{},participant,dda50054a86b660c9f93654eb1128fb5,mturk,320,3Z9WI9EOZ1VGS6CHCU6QTM82AZXKHK,320:3Z9WI9EOZ1VGS6CHCU6QTM82AZXKHK,362E9TQF2IX8ZVUO2JYU7ML1KUNGIW,live,2020-10-29 19:33:20.075397,3,,bad_data
336,2020-10-29 19:38:24.98654,,,,,,f,,{},participant,97e34181d7675fa771bfc14fbbc71797,mturk,336,3VE8AYVF8O4CJ9JA8FLN0WNYZKPF8X,336:3VE8AYVF8O4CJ9JA8FLN0WNYZKPF8X,362E9TQF2IX8ZVUO2JYU7ML1KUNGIW,live,2020-10-29 19:39:20.370548,3,,bad_data
45,2020-10-29 18:45:06.553916,,,,,,f,,{},participant,5a507e25130ba19dbae00d5f5f456ca3,mturk,45,3QRYMNZ7F0O75LOF91FVZXSUFOPNTU,45:3QRYMNZ7F0O75LOF91FVZXSUFOPNTU,362E9TQF2IX8ZVUO2JYU7ML1KUNGIW,live,2020-10-29 19:13:06.223178,3,1,approved
43,2020-10-29 18:45:01.583322,,,,,,f,,{},participant,27c1367d4bc03ea2b8dbcaa9ceca2787,mturk,43,3PJUZCGDJ8N3IZSX5TLVQ01NWMN89R,43:3PJUZCGDJ8N3IZSX5TLVQ01NWMN89R,362E9TQF2IX8ZVUO2JYU7ML1KUNGIW,live,2020-10-29 19:10:10.371985,3,0.4,approved
64,2020-10-29 18:48:43.093054,,,,,,f,,{},participant,cd634b77fd556c563d8d301f4679b59d,mturk,64,3IAEQB9FMGRQBQ1WFC63QCNZ5E6DWT,64:3IAEQB9FMGRQBQ1WFC63QCNZ5E6DWT,362E9TQF2IX8ZVUO2JYU7ML1KUNGIW,live,2020-10-29 19:14:45.788412,3,1,approved
2,2020-10-29 18:42:57.243524,,,,,,f,,{},participant,ad0b9ee26afce2d1af664f2a0c0a2b1b,mturk,2,36DSNE9QZ75V93SMYM14CG5Q7W3JO0,2:36DSNE9QZ75V93SMYM14CG5Q7W3JO0,362E9TQF2IX8ZVUO2JYU7ML1KUNGIW,live,2020-10-29 18:45:54.081978,3,,bad_data
337,2020-10-29 19:38:52.692631,,,,,,f,,{},participant,ec87e7c1088afac060e96156cf617350,mturk,337,3YZ8UPK3VVT3EU6DKGWROIKKZYQCU0,337:3YZ8UPK3VVT3EU6DKGWROIKKZYQCU0,362E9TQF2IX8ZVUO2JYU7ML1KUNGIW,live,2020-10-29 19:40:20.302114,,,returned
81,2020-10-29 18:49:28.867727,,,,,,f,,{},participant,d25cb6fd38ecadcf1da652a9325b53d4,mturk,81,3T3IWE1XG8US8I17PT7C3RNZKZDTQO,81:3T3IWE1XG8US8I17PT7C3RNZKZDTQO,362E9TQF2IX8ZVUO2JYU7ML1KUNGIW,live,2020-10-29 19:18:59.09617,3,1,approved
66,2020-10-29 18:48:48.938437,,,,,,f,,{},participant,f04edd49fc38c554a75511e6be52243f,mturk,66,3A7Y0R2P2QVI3C6EZDO0VTWJJ08XJJ,66:3A7Y0R2P2QVI3C6EZDO0VTWJJ08XJJ,362E9TQF2IX8ZVUO2JYU7ML1KUNGIW,live,2020-10-29 19:01:06.023978,3,,bad_data
11,2020-10-29 18:43:10.480194,,,,,,f,,{},participant,469cb6ef89765084b45f0dfba3fe56f7,mturk,11,3RJSC4XJ1212ZNLI7ZVZL5Q3RSS50A,11:3RJSC4XJ1212ZNLI7ZVZL5Q3RSS50A,362E9TQF2IX8ZVUO2JYU7ML1KUNGIW,live,2020-10-29 18:46:26.798887,3,,bad_data
60,2020-10-29 18:48:15.30626,,,,,,f,,{},participant,9cbcf48ede78d1d973f5d5a74fafe3fd,mturk,60,30JNVC0ORBR239ACPZQNP8KB95HHQ1,60:30JNVC0ORBR239ACPZQNP8KB95HHQ1,362E9TQF2IX8ZVUO2JYU7ML1KUNGIW,live,2020-10-29 19:19:04.793732,3,0,approved
52,2020-10-29 18:46:17.406112,,,,,,f,,{},participant,6509d4c7da1452e37667a6761e6de22a,mturk,52,3QY7M81QH9TJZH65ZLKE29J8WWT7KX,52:3QY7M81QH9TJZH65ZLKE29J8WWT7KX,362E9TQF2IX8ZVUO2JYU7ML1KUNGIW,live,2020-10-29 18:46:49.765069,,,returned
74,2020-10-29 18:49:13.12181,,,,,,f,,{},participant,7a1f60c4615d7e739dd27e1a1f283ec2,mturk,74,32EYX73OY2G7KWVW2DMMDDJ6ZZMURH,74:32EYX73OY2G7KWVW2DMMDDJ6ZZMURH,362E9TQF2IX8ZVUO2JYU7ML1KUNGIW,live,2020-10-29 19:11:35.515827,3,1.2,approved
62,2020-10-29 18:48:39.377269,,,,,,f,,{},participant,232f83ad7bbfed1be82eef3d8f24ae6d,mturk,62,3QAVNHZ3EOBC2PMLRO8ZR0YDM45ALV,62:3QAVNHZ3EOBC2PMLRO8ZR0YDM45ALV,362E9TQF2IX8ZVUO2JYU7ML1KUNGIW,live,2020-10-29 19:33:08.508924,,,abandoned
77,2020-10-29 18:49:23.487644,,,,,,f,,{},participant,4912a7ac5383d7d09cfaa624aa6ca2e7,mturk,77,3OJSZ2ATDU3GHYL2SYG80K0QZ6075E,77:3OJSZ2ATDU3GHYL2SYG80K0QZ6075E,362E9TQF2IX8ZVUO2JYU7ML1KUNGIW,live,2020-10-29 19:18:59.034777,3,0,approved
291,2020-10-29 19:24:02.020964,,,,,,f,,{},participant,5474e4946de433981750a1962e2f484f,mturk,291,320DUZ38G9T7HQBOA3OW77WOGAGJGH,291:320DUZ38G9T7HQBOA3OW77WOGAGJGH,362E9TQF2IX8ZVUO2JYU7ML1KUNGIW,live,2020-10-29 19:25:06.334639,3,,bad_data
56,2020-10-29 18:47:09.987407,,,,,,f,,{},participant,fd7cc728063fb8ff538a283bf6d85615,mturk,56,34HJIJKLP730W5IYWR0E16AFLSAV4N,56:34HJIJKLP730W5IYWR0E16AFLSAV4N,362E9TQF2IX8ZVUO2JYU7ML1KUNGIW,live,2020-10-29 19:12:22.304098,3,1.2,approved
58,2020-10-29 18:47:49.89233,,,,,,f,,{},participant,1d0cc6af7c03be84a76360b3dd7451d6,mturk,58,3E337GFOLBF30G29P1GO0ED5PUHGNE,58:3E337GFOLBF30G29P1GO0ED5PUHGNE,362E9TQF2IX8ZVUO2JYU7ML1KUNGIW,live,2020-10-29 19:13:06.25902,3,1.8,approved
321,2020-10-29 19:31:30.906337,,,,,,f,,{},participant,174ad0b5f4e5e76f231d14c233ee8c2f,mturk,321,324G5B4FB5FHMRZ1VSAWJP4ZIYS07P,321:324G5B4FB5FHMRZ1VSAWJP4ZIYS07P,362E9TQF2IX8ZVUO2JYU7ML1KUNGIW,live,2020-10-29 19:33:16.778492,,,returned
238,2020-10-29 19:12:49.524294,,,,,,f,,{},participant,79cc6435b2c73c54c3d723942b68c0ca,mturk,238,3SITXWYCNXGCLT82BLBJX5D6BV4BXH,238:3SITXWYCNXGCLT82BLBJX5D6BV4BXH,362E9TQF2IX8ZVUO2JYU7ML1KUNGIW,live,2020-10-29 19:36:53.357299,3,0.6,approved
86,2020-10-29 18:49:40.56546,,,,,,f,,{},participant,9d6f5c44365e76f06a283b369f7c59f5,mturk,86,3NPI0JQDAQC7860SPGSN3MXPF3RTPX,86:3NPI0JQDAQC7860SPGSN3MXPF3RTPX,362E9TQF2IX8ZVUO2JYU7ML1KUNGIW,live,2020-10-29 19:20:04.396613,3,2,approved
51,2020-10-29 18:46:13.121909,,,,,,f,,{},participant,eb8c1f485bf3fbd804d018169f2df2f1,mturk,51,3YHH42UU5DMG1CO3ZMB62UM0DISL0E,51:3YHH42UU5DMG1CO3ZMB62UM0DISL0E,362E9TQF2IX8ZVUO2JYU7ML1KUNGIW,live,2020-10-29 19:10:02.752958,3,1.8,approved
72,2020-10-29 18:49:09.144105,,,,,,f,,{},participant,ad0fcba52722379d71949690451b1a1f,mturk,72,3Q5C1WP23O826C603IZZZA9DWK015B,72:3Q5C1WP23O826C603IZZZA9DWK015B,362E9TQF2IX8ZVUO2JYU7ML1KUNGIW,live,2020-10-29 19:14:34.429401,3,0,approved
57,2020-10-29 18:47:26.243768,,,,,,f,,{},participant,85582e29d4f0c37f35b57b2c0ae8c5cf,mturk,57,33JKGHPFYE13SQYV04EJDJX2LGTNMT,57:33JKGHPFYE13SQYV04EJDJX2LGTNMT,362E9TQF2IX8ZVUO2JYU7ML1KUNGIW,live,2020-10-29 19:10:10.604014,3,0.2,approved
70,2020-10-29 18:49:00.789414,,,,,,f,,{},participant,1259219eb07d2a83313a442a921b02cd,mturk,70,3QY7M81QH9TJZH65ZLKE29J8WWT7KX,70:3QY7M81QH9TJZH65ZLKE29J8WWT7KX,362E9TQF2IX8ZVUO2JYU7ML1KUNGIW,live,2020-10-29 19:10:10.581152,3,0,approved
76,2020-10-29 18:49:22.80158,,,,,,f,,{},participant,99234488ece7d26deae54e8f377248e3,mturk,76,33PPO7FECXM8AVHRQV2OPLERQ38IDR,76:33PPO7FECXM8AVHRQV2OPLERQ38IDR,362E9TQF2IX8ZVUO2JYU7ML1KUNGIW,live,2020-10-29 18:50:48.084188,,,returned
68,2020-10-29 18:48:49.774509,,,,,,f,,{},participant,09537ccd682772292a05ead03b0b79a1,mturk,68,3WMOAN2SRD4MIDS4EWFA0FGFC96NVB,68:3WMOAN2SRD4MIDS4EWFA0FGFC96NVB,362E9TQF2IX8ZVUO2JYU7ML1KUNGIW,live,2020-10-29 18:52:34.307599,,,returned
69,2020-10-29 18:48:52.727926,,,,,,f,,{},participant,93f20916d96b6f7b28a3d5b424ec366d,mturk,69,3LOTDFNYA96N9AFS6I1TECQKHRMWFN,69:3LOTDFNYA96N9AFS6I1TECQKHRMWFN,362E9TQF2IX8ZVUO2JYU7ML1KUNGIW,live,2020-10-29 19:10:12.236336,3,1,approved
84,2020-10-29 18:49:36.278532,,,,,,f,,{},participant,2edcca9de4ec47227455142664551136,mturk,84,3QUO65DNQWV4NJ3GAL5IJIE1OC2OU2,84:3QUO65DNQWV4NJ3GAL5IJIE1OC2OU2,362E9TQF2IX8ZVUO2JYU7ML1KUNGIW,live,2020-10-29 18:55:33.653671,3,,bad_data
55,2020-10-29 18:47:06.800833,,,,,,f,,{},participant,3fd45e8e01e0fc13d287daa7c070c915,mturk,55,3AMYWKA6YDTJL8DFE37F3C0LLQJO6Z,55:3AMYWKA6YDTJL8DFE37F3C0LLQJO6Z,362E9TQF2IX8ZVUO2JYU7ML1KUNGIW,live,2020-10-29 19:10:28.418529,3,0.8,approved
80,2020-10-29 18:49:24.288934,,,,,,f,,{},participant,71a78eedf6f542675adedfac430dde22,mturk,80,3OSWBBLG1G450Q6MPH2PSV16EGCDXM,80:3OSWBBLG1G450Q6MPH2PSV16EGCDXM,362E9TQF2IX8ZVUO2JYU7ML1KUNGIW,live,2020-10-29 19:14:56.637443,3,2.4,approved
73,2020-10-29 18:49:11.381303,,,,,,f,,{},participant,785ba076e78c8fef55f35345d7d32115,mturk,73,3E337GFOLBF30G29P1GO0ED5PUINGM,73:3E337GFOLBF30G29P1GO0ED5PUINGM,362E9TQF2IX8ZVUO2JYU7ML1KUNGIW,live,2020-10-29 19:14:56.937604,3,0.2,approved
75,2020-10-29 18:49:19.980414,,,,,,f,,{},participant,200240dfd8b1d6edf6d55055cd11a375,mturk,75,3Z7VU45IP0O0DQQPA66FOEG8XJ81ZI,75:3Z7VU45IP0O0DQQPA66FOEG8XJ81ZI,362E9TQF2IX8ZVUO2JYU7ML1KUNGIW,live,2020-10-29 18:49:33.254086,,,returned
128,2020-10-29 18:53:20.872797,,,,,,f,,{},participant,14abf6d46253ec5732ae4865f160d08c,mturk,128,3FE7TXL1LKUYOJ7U6ENG24E9KM0Q2T,128:3FE7TXL1LKUYOJ7U6ENG24E9KM0Q2T,362E9TQF2IX8ZVUO2JYU7ML1KUNGIW,live,2020-10-29 19:24:28.465495,3,1.8,approved
216,2020-10-29 19:07:07.195142,,,,,,f,,{},participant,1c20766ebf6dd89c35b4cd33c210509d,mturk,216,3TR2532VIR15KXMIYQFAVGJZMWE6J3,216:3TR2532VIR15KXMIYQFAVGJZMWE6J3,362E9TQF2IX8ZVUO2JYU7ML1KUNGIW,live,2020-10-29 19:36:53.423461,3,1,approved
89,2020-10-29 18:49:47.204646,,,,,,f,,{},participant,4604988145c5724e3bef45c7dfec52ca,mturk,89,3GDTJDAPVWIIPJBRU2P0VM77WLVM85,89:3GDTJDAPVWIIPJBRU2P0VM77WLVM85,362E9TQF2IX8ZVUO2JYU7ML1KUNGIW,live,2020-10-29 19:12:06.265839,3,1.4,approved
91,2020-10-29 18:49:54.53022,,,,,,f,,{},participant,ad6f952ca65d2055db831824731f456b,mturk,91,3MAOD8E57SHEM2XZEBGSO0D0SKENXE,91:3MAOD8E57SHEM2XZEBGSO0D0SKENXE,362E9TQF2IX8ZVUO2JYU7ML1KUNGIW,live,2020-10-29 18:52:23.063244,3,,bad_data
82,2020-10-29 18:49:30.815074,,,,,,f,,{},participant,9b8cdce5cad3262c1a7f0c03eeeb9c1c,mturk,82,3PB5A5BD0XDEXVAM9UZZ4HRFPFC7GU,82:3PB5A5BD0XDEXVAM9UZZ4HRFPFC7GU,362E9TQF2IX8ZVUO2JYU7ML1KUNGIW,live,2020-10-29 19:05:34.548863,3,,bad_data
338,2020-10-29 19:39:01.485576,,,,,,f,,{},participant,8646076a8281f2ee6472f7e6e2d7a168,mturk,338,33OOO72IVJSOEHROKB6HJMYIGKGTCN,338:33OOO72IVJSOEHROKB6HJMYIGKGTCN,362E9TQF2IX8ZVUO2JYU7ML1KUNGIW,live,2020-10-29 19:40:26.624159,3,,bad_data
261,2020-10-29 19:19:44.335141,,,,,,f,,{},participant,868a8871889d2fe15cc94d77cf93c8dc,mturk,261,3IRIK4HM3CRICJGCOYYO8C64WC5C6V,261:3IRIK4HM3CRICJGCOYYO8C64WC5C6V,362E9TQF2IX8ZVUO2JYU7ML1KUNGIW,live,2020-10-29 19:30:45.53942,3,,bad_data
239,2020-10-29 19:12:56.656357,,,,,,f,,{},participant,f1b7b86a2faea71aa34cd6efcbb9d63b,mturk,239,3QAPZX2QN6KA0Q2VPGT1NYNR7I6029,239:3QAPZX2QN6KA0Q2VPGT1NYNR7I6029,362E9TQF2IX8ZVUO2JYU7ML1KUNGIW,live,2020-10-29 19:49:01.05982,,,abandoned
83,2020-10-29 18:49:36.23919,,,,,,f,,{},participant,5762da809078130ebde4e5d179ec6af5,mturk,83,3HL8HNGX478CXE2KD7R10SI9JQ2F9H,83:3HL8HNGX478CXE2KD7R10SI9JQ2F9H,362E9TQF2IX8ZVUO2JYU7ML1KUNGIW,live,2020-10-29 19:09:04.268898,3,,bad_data
188,2020-10-29 19:02:37.238521,,,,,,f,,{},participant,eea52dd5c8584f7040552458a10d671b,mturk,188,3C6FJU71TS0GHX7IG8EGL9C32M1YUN,188:3C6FJU71TS0GHX7IG8EGL9C32M1YUN,362E9TQF2IX8ZVUO2JYU7ML1KUNGIW,live,2020-10-29 19:31:41.018166,3,0,approved
323,2020-10-29 19:32:05.863541,,,,,,f,,{},participant,8e4d9c7ad0292071de3ff122418e85b9,mturk,323,3TVRFO09GMMOY2UE2Y0DB89BNPKXLS,323:3TVRFO09GMMOY2UE2Y0DB89BNPKXLS,362E9TQF2IX8ZVUO2JYU7ML1KUNGIW,live,2020-10-29 19:33:19.489852,,,returned
278,2020-10-29 19:22:45.176215,,,,,,f,,{},participant,f10f41c1a680c74d1c990a914ccb9346,mturk,278,3YZ8UPK3VVT3EU6DKGWROIKKZYQCU0,278:3YZ8UPK3VVT3EU6DKGWROIKKZYQCU0,362E9TQF2IX8ZVUO2JYU7ML1KUNGIW,live,2020-10-29 19:23:04.871984,,,returned
262,2020-10-29 19:20:55.305916,,,,,,f,,{},participant,undefined,undefined,262,304SM51WA5B4PCM3HB5WYXWEWG1SBP,262:304SM51WA5B4PCM3HB5WYXWEWG1SBP,362E9TQF2IX8ZVUO2JYU7ML1KUNGIW,live,2020-10-29 19:28:42.430256,,,returned
6,2020-10-29 18:43:00.784117,,,,,,f,,{},participant,8e9d39b0522b681e67d251c38567b31f,mturk,6,3YJ6NA41JDNDU34NDMEJ1GAGH1ZJPH,6:3YJ6NA41JDNDU34NDMEJ1GAGH1ZJPH,362E9TQF2IX8ZVUO2JYU7ML1KUNGIW,live,2020-10-29 19:07:34.322107,3,0,approved
85,2020-10-29 18:49:36.456869,,,,,,f,,{},participant,f258aa03286e02c57465f812703587f0,mturk,85,3QL2OFSM98PQJ4M4NFK5ANSQR2PCN0,85:3QL2OFSM98PQJ4M4NFK5ANSQR2PCN0,362E9TQF2IX8ZVUO2JYU7ML1KUNGIW,live,2020-10-29 18:59:10.250855,3,,bad_data
240,2020-10-29 19:13:12.37913,,,,,,f,,{},participant,b7fa6f863b6bd097f92b053d1bb0f8e8,mturk,240,3PWWM24LHU5SIF7YKK6GGDT9QGI824,240:3PWWM24LHU5SIF7YKK6GGDT9QGI824,362E9TQF2IX8ZVUO2JYU7ML1KUNGIW,live,2020-10-29 19:22:40.970078,3,,bad_data
189,2020-10-29 19:03:16.699629,,,,,,f,,{},participant,a1a8ce5017bf86e37bbd6ad6f4dbcfb9,mturk,189,37TD41K0AJGNZHE9VB1R9H2WE1XCSC,189:37TD41K0AJGNZHE9VB1R9H2WE1XCSC,362E9TQF2IX8ZVUO2JYU7ML1KUNGIW,live,2020-10-29 19:22:42.385656,,,returned
339,2020-10-29 19:39:21.221163,,,,,,f,,{},participant,e8863c4ac66ba7d328dee8224f047094,mturk,339,3LEIZ60CDL6I2VTKEJL83KYRVVU9ZX,339:3LEIZ60CDL6I2VTKEJL83KYRVVU9ZX,362E9TQF2IX8ZVUO2JYU7ML1KUNGIW,live,2020-10-29 19:42:27.890904,3,,bad_data
293,2020-10-29 19:24:32.865378,,,,,,f,,{},participant,dafdbb94668a778177344e5c9182bc25,mturk,293,3WMINLGALDAJZLSFEBF0OH8QSVYCAO,293:3WMINLGALDAJZLSFEBF0OH8QSVYCAO,362E9TQF2IX8ZVUO2JYU7ML1KUNGIW,live,2020-10-29 19:26:06.597623,3,,bad_data
324,2020-10-29 19:32:13.040134,,,,,,f,,{},participant,cc320573900ebd8fb8663397d2824391,mturk,324,3KKG4CDWKK52ZY5VTQVI9OLIU0W49L,324:3KKG4CDWKK52ZY5VTQVI9OLIU0W49L,362E9TQF2IX8ZVUO2JYU7ML1KUNGIW,live,2020-10-29 19:33:55.226966,3,,bad_data
119,2020-10-29 18:52:06.942287,,,,,,f,,{},participant,2b89ada7f3506b6ce4ae78b04255ed66,mturk,119,3IOEN3P9S9QYPG6E8194RGNDSFB16R,119:3IOEN3P9S9QYPG6E8194RGNDSFB16R,362E9TQF2IX8ZVUO2JYU7ML1KUNGIW,live,2020-10-29 19:03:21.107856,3,,bad_data
18,2020-10-29 18:43:18.998444,,,,,,f,,{},participant,b82ece00039259227d0c5b47bf706c62,mturk,18,3RSDURM96CTZS1AWQ8ZBHRQ0GY6EYL,18:3RSDURM96CTZS1AWQ8ZBHRQ0GY6EYL,362E9TQF2IX8ZVUO2JYU7ML1KUNGIW,live,2020-10-29 19:07:20.506365,3,0.6,approved
23,2020-10-29 18:43:26.722067,,,,,,f,,{},participant,4bec6a7a730c2af15760acde7f43e780,mturk,23,3JZQSN0I3SHRCOPSRDXBS94WN3VGF7,23:3JZQSN0I3SHRCOPSRDXBS94WN3VGF7,362E9TQF2IX8ZVUO2JYU7ML1KUNGIW,live,2020-10-29 19:07:33.864636,3,0,approved
59,2020-10-29 18:48:02.523723,,,,,,f,,{},participant,19f764239f9f13558b7d96a2f86ac25a,mturk,59,3HL8HNGX478CXE2KD7R10SI9JQ0F9F,59:3HL8HNGX478CXE2KD7R10SI9JQ0F9F,362E9TQF2IX8ZVUO2JYU7ML1KUNGIW,live,2020-10-29 18:50:06.100476,3,,bad_data
219,2020-10-29 19:07:37.709247,,,,,,f,,{},participant,37aaea0daf5f25522cc1ed3432a82795,mturk,219,37UQDCYH6Z2XFS0HYPYL4IUPCU57VO,219:37UQDCYH6Z2XFS0HYPYL4IUPCU57VO,362E9TQF2IX8ZVUO2JYU7ML1KUNGIW,live,2020-10-29 19:39:20.368706,3,1.4,approved
87,2020-10-29 18:49:43.942123,,,,,,f,,{},participant,63909f0a2ba1748cf4afb8873d1bda26,mturk,87,33C7UALJVN5LTUP21G62BUJ4YA118D,87:33C7UALJVN5LTUP21G62BUJ4YA118D,362E9TQF2IX8ZVUO2JYU7ML1KUNGIW,live,2020-10-29 19:00:25.241862,3,,bad_data
325,2020-10-29 19:32:45.246514,,,,,,f,,{},participant,c2cc371a3836723702ca9fa79a605070,mturk,325,3TXD01ZLD6O0JQTYR1Q95K8W7L5U41,325:3TXD01ZLD6O0JQTYR1Q95K8W7L5U41,362E9TQF2IX8ZVUO2JYU7ML1KUNGIW,live,2020-10-29 19:33:28.935263,3,,bad_data
241,2020-10-29 19:13:16.102952,,,,,,f,,{},participant,e6e4b42fe08b8bc8552552c995f701f2,mturk,241,3WAKVUDHUYNX2DBHTZOG8WS6YNW7UZ,241:3WAKVUDHUYNX2DBHTZOG8WS6YNW7UZ,362E9TQF2IX8ZVUO2JYU7ML1KUNGIW,live,2020-10-29 19:18:06.305202,3,,bad_data
294,2020-10-29 19:24:33.738166,,,,,,f,,{},participant,92dd942016facf4da21253249801c449,mturk,294,3TPWUS5F8B8G6YVIFGBS665HKE1CWZ,294:3TPWUS5F8B8G6YVIFGBS665HKE1CWZ,362E9TQF2IX8ZVUO2JYU7ML1KUNGIW,live,2020-10-29 19:25:33.869413,3,,bad_data
260,2020-10-29 19:19:43.465457,,,,,,f,,{},participant,e5169862bfc45c9b60c7541494c8b717,mturk,260,324G5B4FB5FHMRZ1VSAWJP4ZIYP07M,260:324G5B4FB5FHMRZ1VSAWJP4ZIYP07M,362E9TQF2IX8ZVUO2JYU7ML1KUNGIW,live,2020-10-29 19:39:57.954744,3,0.2,approved
90,2020-10-29 18:49:53.887601,,,,,,f,,{},participant,4097e7385305140015b056342652bd41,mturk,90,3IUZPWIU1QEYPW767TSQUPIPPN4KWE,90:3IUZPWIU1QEYPW767TSQUPIPPN4KWE,362E9TQF2IX8ZVUO2JYU7ML1KUNGIW,live,2020-10-29 19:18:58.76589,3,1.2,approved
263,2020-10-29 19:21:03.603049,,,,,,f,,{},participant,72fc0a0dad58fd7460ec7826bae0939d,mturk,263,3PM8NZGV80NZPZARU389SU85XV0QX3,263:3PM8NZGV80NZPZARU389SU85XV0QX3,362E9TQF2IX8ZVUO2JYU7ML1KUNGIW,live,2020-10-29 19:26:06.608114,3,,bad_data
270,2020-10-29 19:21:53.924748,,,,,,f,,{},participant,b8454cc437acc1d46c24fa6895947e21,mturk,270,3OSWBBLG1G450Q6MPH2PSV16EGIXDC,270:3OSWBBLG1G450Q6MPH2PSV16EGIXDC,362E9TQF2IX8ZVUO2JYU7ML1KUNGIW,live,2020-10-29 19:40:13.962465,3,1.4,approved
222,2020-10-29 19:08:07.245971,,,,,,f,,{},participant,cd930f7b294531a65f4f03ed211c1675,mturk,222,32UTUBMZ7I3KH437B6A19KGLVKSVBU,222:32UTUBMZ7I3KH437B6A19KGLVKSVBU,362E9TQF2IX8ZVUO2JYU7ML1KUNGIW,live,2020-10-29 19:33:26.305667,,,abandoned
252,2020-10-29 19:14:56.147824,,,,,,f,,{},participant,41e1e8fb2abc566bcbcfa7940347df71,mturk,252,3EO896NRAY2BMVXUU3N36QBD64OTJ0,252:3EO896NRAY2BMVXUU3N36QBD64OTJ0,362E9TQF2IX8ZVUO2JYU7ML1KUNGIW,live,2020-10-29 19:34:54.589236,3,0,approved
88,2020-10-29 18:49:46.903842,,,,,,f,,{},participant,1db994b7e0204348bac048c1202d15ff,mturk,88,3IQ1VMJRYVRH1NLC2R59MR7IMAPA9Z,88:3IQ1VMJRYVRH1NLC2R59MR7IMAPA9Z,362E9TQF2IX8ZVUO2JYU7ML1KUNGIW,live,2020-10-29 19:11:52.836424,3,1.4,approved
295,2020-10-29 19:24:33.983725,,,,,,f,,{},participant,8b39352ad0a4680e5ae2e3e81f16dd3f,mturk,295,3ATPCQ38JAHW2OTKA3XPL809VJ9YAB,295:3ATPCQ38JAHW2OTKA3XPL809VJ9YAB,362E9TQF2IX8ZVUO2JYU7ML1KUNGIW,live,2020-10-29 19:24:59.688259,3,,bad_data
190,2020-10-29 19:04:08.549187,,,,,,f,,{},participant,5a1ab9a0db8125d7303c942f41af7601,mturk,190,3VAR3R6G1R86PMW37I4DNQWCRLAO8M,190:3VAR3R6G1R86PMW37I4DNQWCRLAO8M,362E9TQF2IX8ZVUO2JYU7ML1KUNGIW,live,2020-10-29 19:33:50.634936,,,abandoned
264,2020-10-29 19:21:22.010565,,,,,,f,,{},participant,565698e23104d83f8c82e67bcefa636d,mturk,264,3MHW492WW2KG0V742V0AN0RF7J2MVG,264:3MHW492WW2KG0V742V0AN0RF7J2MVG,362E9TQF2IX8ZVUO2JYU7ML1KUNGIW,live,2020-10-29 19:40:58.574455,3,,bad_data
326,2020-10-29 19:32:47.888007,,,,,,f,,{},participant,116c837b394d83c77f21f3769a8e1865,mturk,326,3WYP994K19YVFMHHKQGD53YNZ0Q6Y0,326:3WYP994K19YVFMHHKQGD53YNZ0Q6Y0,362E9TQF2IX8ZVUO2JYU7ML1KUNGIW,live,2020-10-29 19:33:55.316783,3,,bad_data
242,2020-10-29 19:13:20.796088,,,,,,f,,{},participant,ca0c888f2e5a2a71263767c90f1c1043,mturk,242,3WYGZ5XF3YM5IFQXNOIPX0F4JA8KSZ,242:3WYGZ5XF3YM5IFQXNOIPX0F4JA8KSZ,362E9TQF2IX8ZVUO2JYU7ML1KUNGIW,live,2020-10-29 19:39:30.581019,3,0,approved
243,2020-10-29 19:13:24.167565,,,,,,f,,{},participant,1adec79c9a72cbebc98e4e8ddc91ba28,mturk,243,320DUZ38G9T7HQBOA3OW77WOGACJGD,243:320DUZ38G9T7HQBOA3OW77WOGACJGD,362E9TQF2IX8ZVUO2JYU7ML1KUNGIW,live,2020-10-29 19:23:32.080266,,,returned
122,2020-10-29 18:52:47.691131,,,,,,f,,{},participant,a6445146c2b42fc52931bbc8c3e83f6a,mturk,122,35LDD5557CB2KKDS3RM3LRGYRLOMKN,122:35LDD5557CB2KKDS3RM3LRGYRLOMKN,362E9TQF2IX8ZVUO2JYU7ML1KUNGIW,live,2020-10-29 19:24:06.494266,3,0.2,approved
191,2020-10-29 19:04:12.65065,,,,,,f,,{},participant,29cf3775cf8f4f93cdb29450b9ea0435,mturk,191,3EFVCAY5L5GSOB56R5C8FUFQSR3J81,191:3EFVCAY5L5GSOB56R5C8FUFQSR3J81,362E9TQF2IX8ZVUO2JYU7ML1KUNGIW,live,2020-10-29 19:31:40.926584,3,0.8,approved
327,2020-10-29 19:32:49.082642,,,,,,f,,{},participant,35f8a46acddacfd605f8ead1ff374e91,mturk,327,3GGAI1SQEX5K1M14BE55X83QMCNCM8,327:3GGAI1SQEX5K1M14BE55X83QMCNCM8,362E9TQF2IX8ZVUO2JYU7ML1KUNGIW,live,2020-10-29 19:34:22.530501,3,,bad_data
99,2020-10-29 18:50:10.648235,,,,,,f,,{},participant,7dfd0f1b763f3bb08364fc3b67f00e36,mturk,99,3HHRAGRYXAC63RFDCAARNMRNBRRO9A,99:3HHRAGRYXAC63RFDCAARNMRNBRRO9A,362E9TQF2IX8ZVUO2JYU7ML1KUNGIW,live,2020-10-29 18:51:19.827973,3,,bad_data
53,2020-10-29 18:46:32.890905,,,,,,f,,{},participant,7ea8bebac1e393b26a1436f8fe36d1bf,mturk,53,3TOK3KHVJVP2P8RKXDC79Q0HG137OH,53:3TOK3KHVJVP2P8RKXDC79Q0HG137OH,362E9TQF2IX8ZVUO2JYU7ML1KUNGIW,live,2020-10-29 18:50:05.918241,3,,bad_data
118,2020-10-29 18:52:03.105049,,,,,,f,,{},participant,64bfa0bf72e2c959a5fc017e594fb853,mturk,118,3TR2532VIR15KXMIYQFAVGJZMWB6J0,118:3TR2532VIR15KXMIYQFAVGJZMWB6J0,362E9TQF2IX8ZVUO2JYU7ML1KUNGIW,live,2020-10-29 19:24:28.689642,3,1,approved
296,2020-10-29 19:24:37.880738,,,,,,f,,{},participant,5fcdb07baf6634e4b26dcc46a4a8d816,mturk,296,3AUQQEL7U70JXH0XDQDCP3K24G20VK,296:3AUQQEL7U70JXH0XDQDCP3K24G20VK,362E9TQF2IX8ZVUO2JYU7ML1KUNGIW,live,2020-10-29 19:26:16.116483,,,returned
103,2020-10-29 18:50:21.614108,,,,,,f,,{},participant,072099a9ae4403f1bf7e78442ebd3584,mturk,103,3I3WADAZ9SBN24D19KXAB6MLPV9O5K,103:3I3WADAZ9SBN24D19KXAB6MLPV9O5K,362E9TQF2IX8ZVUO2JYU7ML1KUNGIW,live,2020-10-29 19:12:57.920612,3,,bad_data
223,2020-10-29 19:08:12.595609,,,,,,f,,{},participant,ee51a9eb4c51df60a45a26f7239c2173,mturk,223,333U7HK6IBM4561X8DNO1MTR3I0JD7,223:333U7HK6IBM4561X8DNO1MTR3I0JD7,362E9TQF2IX8ZVUO2JYU7ML1KUNGIW,live,2020-10-29 19:37:04.984943,3,0,approved
101,2020-10-29 18:50:18.919707,,,,,,f,,{},participant,c5223eca0eb116f5bfc9dda5602a230f,mturk,101,3ZSY5X72NZIC7RBZ6RADE7RHHDYORY,101:3ZSY5X72NZIC7RBZ6RADE7RHHDYORY,362E9TQF2IX8ZVUO2JYU7ML1KUNGIW,live,2020-10-29 19:01:04.918213,3,,bad_data
107,2020-10-29 18:50:43.813852,,,,,,f,,{},participant,cc62f88118aaef683cf560268afb00d2,mturk,107,3GNA64GUZGBQNGQHOXPE0BHL4WRQ5U,107:3GNA64GUZGBQNGQHOXPE0BHL4WRQ5U,362E9TQF2IX8ZVUO2JYU7ML1KUNGIW,live,2020-10-29 19:18:58.659332,3,0.6,approved
63,2020-10-29 18:48:42.120081,,,,,,f,,{},participant,18edfa2d070f49b37555c2689c73cee6,mturk,63,3WYGZ5XF3YM5IFQXNOIPX0F4JA7SK6,63:3WYGZ5XF3YM5IFQXNOIPX0F4JA7SK6,362E9TQF2IX8ZVUO2JYU7ML1KUNGIW,live,2020-10-29 18:50:53.824129,3,,bad_data
28,2020-10-29 18:43:42.909317,,,,,,f,,{},participant,d90862833dced390d361d6653f505ecb,mturk,28,317HQ483I9ZHW784FPGRLQQL479IN8,28:317HQ483I9ZHW784FPGRLQQL479IN8,362E9TQF2IX8ZVUO2JYU7ML1KUNGIW,live,2020-10-29 18:51:28.013368,3,,bad_data
111,2020-10-29 18:51:09.265066,,,,,,f,,{},participant,c395a5b19919f63ce6cfa870113e3823,mturk,111,3EF8EXOTT32ADBLLSK3T0KSIELUJ1E,111:3EF8EXOTT32ADBLLSK3T0KSIELUJ1E,362E9TQF2IX8ZVUO2JYU7ML1KUNGIW,live,2020-10-29 19:19:04.842999,3,0,approved
110,2020-10-29 18:51:07.284002,,,,,,f,,{},participant,e9157c898a57dae4000549bb5b8c696e,mturk,110,3OUYGIZWR956SX31RE4DJBVKISUP0H,110:3OUYGIZWR956SX31RE4DJBVKISUP0H,362E9TQF2IX8ZVUO2JYU7ML1KUNGIW,live,2020-10-29 19:03:46.235966,3,,bad_data
120,2020-10-29 18:52:15.628368,,,,,,f,,{},participant,c7a6edd6c9677ff825f107003d8c0bdf,mturk,120,3G5F9DBFOR4U8H6TBYKXVVJJQXXVHA,120:3G5F9DBFOR4U8H6TBYKXVVJJQXXVHA,362E9TQF2IX8ZVUO2JYU7ML1KUNGIW,live,2020-10-29 19:14:09.390137,3,,bad_data
109,2020-10-29 18:50:52.49515,,,,,,f,,{},participant,ee856387796674f415e0453c303f9e7e,mturk,109,3ON104KXQM3DBUI3M15AN8TTS1DW4Z,109:3ON104KXQM3DBUI3M15AN8TTS1DW4Z,362E9TQF2IX8ZVUO2JYU7ML1KUNGIW,live,2020-10-29 18:52:28.030551,,,returned
117,2020-10-29 18:52:02.023376,,,,,,f,,{},participant,f70d282ce0199f7e04431bfc1d06f7a7,mturk,117,3DR23U6WE7L3BFB2G2CC9AYL1WQETY,117:3DR23U6WE7L3BFB2G2CC9AYL1WQETY,362E9TQF2IX8ZVUO2JYU7ML1KUNGIW,live,2020-10-29 19:18:58.53951,3,2.2,approved
112,2020-10-29 18:51:15.047123,,,,,,f,,{},participant,fb31ab5b1f495c4cc15c602f8dc58611,mturk,112,3FTF2T8WLTPE80OF3W114G49ETQ9W7,112:3FTF2T8WLTPE80OF3W114G49ETQ9W7,362E9TQF2IX8ZVUO2JYU7ML1KUNGIW,live,2020-10-29 19:19:04.962166,3,0,approved
102,2020-10-29 18:50:20.302835,,,,,,f,,{},participant,96ab0f8370478657df03258d459566dc,mturk,102,3YDGXNSEO112LTMLOYP49SQ7AUB48T,102:3YDGXNSEO112LTMLOYP49SQ7AUB48T,362E9TQF2IX8ZVUO2JYU7ML1KUNGIW,live,2020-10-29 19:20:04.37783,3,0.6,approved
98,2020-10-29 18:50:07.298985,,,,,,f,,{},participant,e442711361fb94bd1b66b3597f2bc8fb,mturk,98,3UWN2HHPU0C6QLB0K1A5PSW8D5CNS6,98:3UWN2HHPU0C6QLB0K1A5PSW8D5CNS6,362E9TQF2IX8ZVUO2JYU7ML1KUNGIW,live,2020-10-29 19:19:41.588823,3,2,approved
100,2020-10-29 18:50:15.1726,,,,,,f,,{},participant,fdfefbb39565bc5a47ccd5a186232cb1,mturk,100,3U4J9857OGII6E2BT87L360I92K7BD,100:3U4J9857OGII6E2BT87L360I92K7BD,362E9TQF2IX8ZVUO2JYU7ML1KUNGIW,live,2020-10-29 19:20:04.472607,3,2.2,approved
97,2020-10-29 18:50:00.940663,,,,,,f,,{},participant,1a0102e0f55ac3ce64cd45c1818b1c8f,mturk,97,3PS7W85Z819MGJKL8RWQHWXAAZ89TH,97:3PS7W85Z819MGJKL8RWQHWXAAZ89TH,362E9TQF2IX8ZVUO2JYU7ML1KUNGIW,live,2020-10-29 19:19:58.760394,3,0.4,approved
115,2020-10-29 18:51:34.044824,,,,,,f,,{},participant,e64525ed667e22a6bd3e5497d7b8c41b,mturk,115,3U5JL4WY5MGS0UNTW61WPR7013HX4R,115:3U5JL4WY5MGS0UNTW61WPR7013HX4R,362E9TQF2IX8ZVUO2JYU7ML1KUNGIW,live,2020-10-29 19:20:52.972465,3,0.2,approved
106,2020-10-29 18:50:39.720559,,,,,,f,,{},participant,c88daa2b404376f56c44b3c46b090625,mturk,106,3Y9N9SS8L0ITKSZ85SV1LFC27LAD3L,106:3Y9N9SS8L0ITKSZ85SV1LFC27LAD3L,362E9TQF2IX8ZVUO2JYU7ML1KUNGIW,live,2020-10-29 19:20:07.887217,3,0,approved
105,2020-10-29 18:50:36.727102,,,,,,f,,{},participant,6745e6cf37654616e552b30e3ae6abc6,mturk,105,37ZHEEHM6YTD3JYYEFSFLN26LA973O,105:37ZHEEHM6YTD3JYYEFSFLN26LA973O,362E9TQF2IX8ZVUO2JYU7ML1KUNGIW,live,2020-10-29 19:20:52.750156,3,2.4,approved
93,2020-10-29 18:49:56.634426,,,,,,f,,{},participant,12e872798de984b9f978c10221f7d0e0,mturk,93,3YMTUJH0DUNLJDE9RW0Z0OMUO7VT46,93:3YMTUJH0DUNLJDE9RW0Z0OMUO7VT46,362E9TQF2IX8ZVUO2JYU7ML1KUNGIW,live,2020-10-29 18:52:22.877013,3,,bad_data
123,2020-10-29 18:53:08.220908,,,,,,f,,{},participant,9c3f2872f894dbd9c28e024722db7bb5,mturk,123,3XC1O3LBOUTHHLLUXOZGM5O5ATQTLZ,123:3XC1O3LBOUTHHLLUXOZGM5O5ATQTLZ,362E9TQF2IX8ZVUO2JYU7ML1KUNGIW,live,2020-10-29 19:18:58.882124,3,0.4,approved
127,2020-10-29 18:53:19.064505,,,,,,f,,{},participant,f9ed91de3d937f299a514b8004b5d06d,mturk,127,3A7Y0R2P2QVI3C6EZDO0VTWJJ0AJX7,127:3A7Y0R2P2QVI3C6EZDO0VTWJJ0AJX7,362E9TQF2IX8ZVUO2JYU7ML1KUNGIW,live,2020-10-29 19:24:28.574774,3,0.6,approved
192,2020-10-29 19:04:18.848595,,,,,,f,,{},participant,c8bea634318ae928aee39714df32a227,mturk,192,30IQTZXKAMDB165SD5EUDOHNKR4X0E,192:30IQTZXKAMDB165SD5EUDOHNKR4X0E,362E9TQF2IX8ZVUO2JYU7ML1KUNGIW,live,2020-10-29 19:17:10.456003,3,,bad_data
136,2020-10-29 18:54:07.43236,,,,,,f,,{},participant,5dbcf550b37a73ac1da556ff186b1d30,mturk,136,33PPO7FECXM8AVHRQV2OPLERQ38IDR,136:33PPO7FECXM8AVHRQV2OPLERQ38IDR,362E9TQF2IX8ZVUO2JYU7ML1KUNGIW,live,2020-10-29 19:24:28.597479,3,2.4,approved
161,2020-10-29 18:57:13.517142,,,,,,f,,{},participant,30a31fb17fd7d6cf15accd888ad62d0c,mturk,161,3FUI0JHJPZ5V20XBC3PP86QQG8M33E,161:3FUI0JHJPZ5V20XBC3PP86QQG8M33E,362E9TQF2IX8ZVUO2JYU7ML1KUNGIW,live,2020-10-29 19:27:59.151921,3,0,approved
328,2020-10-29 19:33:21.811035,,,,,,f,,{},participant,0ad18907917df3dd0a35236c466ca636,mturk,328,3OB0CAO74JWBCB1YG97H2UND8E6HYC,328:3OB0CAO74JWBCB1YG97H2UND8E6HYC,362E9TQF2IX8ZVUO2JYU7ML1KUNGIW,live,2020-10-29 19:36:53.44464,3,,bad_data
149,2020-10-29 18:55:12.982576,,,,,,f,,{},participant,8480ade144ee54adf0a2c546110c7b25,mturk,149,3M0BCWMB8X3XWT3C1GFXVMZZ2TVBWL,149:3M0BCWMB8X3XWT3C1GFXVMZZ2TVBWL,362E9TQF2IX8ZVUO2JYU7ML1KUNGIW,live,2020-10-29 19:28:52.488329,3,2,approved
138,2020-10-29 18:54:12.326012,,,,,,f,,{},participant,039cae757b5237ddd002c23b64cbd545,mturk,138,3HVVDCPGTGZ1HKSTG3O6GDQ1J8UYTW,138:3HVVDCPGTGZ1HKSTG3O6GDQ1J8UYTW,362E9TQF2IX8ZVUO2JYU7ML1KUNGIW,live,2020-10-29 19:13:06.327891,3,,bad_data
266,2020-10-29 19:21:35.408073,,,,,,f,,{},participant,9ef311a294418525b6d5efb15e89daff,mturk,266,37UQDCYH6Z2XFS0HYPYL4IUPCU27VL,266:37UQDCYH6Z2XFS0HYPYL4IUPCU27VL,362E9TQF2IX8ZVUO2JYU7ML1KUNGIW,live,2020-10-29 19:50:06.751773,3,1.2,approved
148,2020-10-29 18:55:07.979912,,,,,,f,,{},participant,72352987a7a228c59610fc1156f5f8a9,mturk,148,33NF62TLXL9CJC770U9B5ZOHNRTJKG,148:33NF62TLXL9CJC770U9B5ZOHNRTJKG,362E9TQF2IX8ZVUO2JYU7ML1KUNGIW,live,2020-10-29 19:28:52.460452,3,0.4,approved
131,2020-10-29 18:53:26.658736,,,,,,f,,{},participant,c78bec21937c3dab4f33e56150a458e4,mturk,131,3GM6G9ZBKP41N33FX00VMI3UAYGMTU,131:3GM6G9ZBKP41N33FX00VMI3UAYGMTU,362E9TQF2IX8ZVUO2JYU7ML1KUNGIW,live,2020-10-29 19:33:23.839921,,,abandoned
152,2020-10-29 18:55:40.135618,,,,,,f,,{},participant,269f01883d9207dbdae5422fb7d43a11,mturk,152,3VJ40NV2QKUPN6ORAGF8EMSZ5YVTOG,152:3VJ40NV2QKUPN6ORAGF8EMSZ5YVTOG,362E9TQF2IX8ZVUO2JYU7ML1KUNGIW,live,2020-10-29 19:27:20.105061,3,0,approved
151,2020-10-29 18:55:33.892594,,,,,,f,,{},participant,6cc3e5a279bcc653c598294c03151d47,mturk,151,3I0BTBYZAZS01BV2I10WW2OWMXXY0K,151:3I0BTBYZAZS01BV2I10WW2OWMXXY0K,362E9TQF2IX8ZVUO2JYU7ML1KUNGIW,live,2020-10-29 19:17:52.776901,3,,bad_data
137,2020-10-29 18:54:08.966677,,,,,,f,,{},participant,3aa59e08bfa1011a5223d85419e33433,mturk,137,3K772S5NPAID66K7G8VNVRVXQ2VHER,137:3K772S5NPAID66K7G8VNVRVXQ2VHER,362E9TQF2IX8ZVUO2JYU7ML1KUNGIW,live,2020-10-29 19:04:04.88209,,,returned
78,2020-10-29 18:49:23.715303,,,,,,f,,{},participant,76c659d58999012a99e310fb476b027e,mturk,78,352YTHGROXKVE4NER2JAM5J6DD1H4L,78:352YTHGROXKVE4NER2JAM5J6DD1H4L,362E9TQF2IX8ZVUO2JYU7ML1KUNGIW,live,2020-10-29 18:54:46.1792,3,,bad_data
133,2020-10-29 18:53:56.534863,,,,,,f,,{},participant,9496c61ee065c4725b03461607a6cb5f,mturk,133,3IXEICO794QZY0INAKTEXM68KY26T5,133:3IXEICO794QZY0INAKTEXM68KY26T5,362E9TQF2IX8ZVUO2JYU7ML1KUNGIW,live,2020-10-29 19:24:35.876567,3,1,approved
132,2020-10-29 18:53:56.364395,,,,,,f,,{},participant,b785034e0e32a3cc81eaae66247182e9,mturk,132,36NEMU28XHKTFK79S55692ATESYWMU,132:36NEMU28XHKTFK79S55692ATESYWMU,362E9TQF2IX8ZVUO2JYU7ML1KUNGIW,live,2020-10-29 19:24:28.498571,3,0.4,approved
129,2020-10-29 18:53:21.744689,,,,,,f,,{},participant,4feb29ddcd65805177cf126d2187448d,mturk,129,3KGTPGBS6ZSQGCEBNN7LC5BYN752U9,129:3KGTPGBS6ZSQGCEBNN7LC5BYN752U9,362E9TQF2IX8ZVUO2JYU7ML1KUNGIW,live,2020-10-29 19:19:41.500326,3,1.4,approved
113,2020-10-29 18:51:17.862689,,,,,,f,,{},participant,758552716399be405043fa7a4befb80c,mturk,113,3WOKGM4L73NO7XR0CERYUBQU8NZ0OC,113:3WOKGM4L73NO7XR0CERYUBQU8NZ0OC,362E9TQF2IX8ZVUO2JYU7ML1KUNGIW,live,2020-10-29 19:24:59.518448,3,0.8,approved
165,2020-10-29 18:58:00.512666,,,,,,f,,{},participant,37e23275f0e236d6848146ecc265c2e3,mturk,165,3NAPMVF0ZYMOI12FAFEA2DXEFW972D,165:3NAPMVF0ZYMOI12FAFEA2DXEFW972D,362E9TQF2IX8ZVUO2JYU7ML1KUNGIW,live,2020-10-29 19:02:28.34729,3,,bad_data
144,2020-10-29 18:54:39.18583,,,,,,f,,{},participant,e1531365c429fb720e5a94dbd288ef55,mturk,144,3B3WTRP3DD9SWKQ8PCCUG9OKAMV29I,144:3B3WTRP3DD9SWKQ8PCCUG9OKAMV29I,362E9TQF2IX8ZVUO2JYU7ML1KUNGIW,live,2020-10-29 19:27:46.482736,3,0.2,approved
130,2020-10-29 18:53:23.14258,,,,,,f,,{},participant,234ede6becf20ee02f71329bddbc9e97,mturk,130,30X31N5D65XZ62HBBX503MC8EYEASA,130:30X31N5D65XZ62HBBX503MC8EYEASA,362E9TQF2IX8ZVUO2JYU7ML1KUNGIW,live,2020-10-29 19:02:53.461769,3,,bad_data
244,2020-10-29 19:13:38.45985,,,,,,f,,{},participant,75fc8731c8e411a161511e2ba001256b,mturk,244,31EUONYN2XA40YSGFBFNF4GK2JBVOY,244:31EUONYN2XA40YSGFBFNF4GK2JBVOY,362E9TQF2IX8ZVUO2JYU7ML1KUNGIW,live,2020-10-29 19:26:06.45981,3,,bad_data
143,2020-10-29 18:54:38.943005,,,,,,f,,{},participant,ad0e7d84e461cb5a9620496602135d1e,mturk,143,3XM0HYN6NM65JNIVZL3S40XOCT5PE4,143:3XM0HYN6NM65JNIVZL3S40XOCT5PE4,362E9TQF2IX8ZVUO2JYU7ML1KUNGIW,live,2020-10-29 19:06:45.036222,,,returned
126,2020-10-29 18:53:18.669111,,,,,,f,,{},participant,64abdf36191afdc85f308f8fc7c47ac1,mturk,126,3PMBY0YE29A5U2IAM510SMX6MDAC93,126:3PMBY0YE29A5U2IAM510SMX6MDAC93,362E9TQF2IX8ZVUO2JYU7ML1KUNGIW,live,2020-10-29 19:22:21.807988,3,,bad_data
142,2020-10-29 18:54:37.624097,,,,,,f,,{},participant,a3c2ec0557db641abe6fc1dab40251be,mturk,142,3180JW2OT6J91TM4T7553A5ZQ10J5X,142:3180JW2OT6J91TM4T7553A5ZQ10J5X,362E9TQF2IX8ZVUO2JYU7ML1KUNGIW,live,2020-10-29 19:27:26.817703,,,returned
153,2020-10-29 18:55:43.9643,,,,,,f,,{},participant,c8dbd3f71359337fef0b8b178e2d411a,mturk,153,39ASUFLU6ZEASWKMLCD9YDJRESDXEZ,153:39ASUFLU6ZEASWKMLCD9YDJRESDXEZ,362E9TQF2IX8ZVUO2JYU7ML1KUNGIW,live,2020-10-29 19:34:02.189833,,,abandoned
193,2020-10-29 19:04:21.356313,,,,,,f,,{},participant,2e3b532c026aab69edb5383de4a842b7,mturk,193,3Z4XG4ZF4AYTJVAV89R963N53PG8XC,193:3Z4XG4ZF4AYTJVAV89R963N53PG8XC,362E9TQF2IX8ZVUO2JYU7ML1KUNGIW,live,2020-10-29 19:33:46.691238,,,abandoned
13,2020-10-29 18:43:12.906457,,,,,,f,,{},participant,74e92b7bb310a193765e60ce9f77a25d,mturk,13,3C44YUNSI3W0RH4V3QS8YIF3CH2DPX,13:3C44YUNSI3W0RH4V3QS8YIF3CH2DPX,362E9TQF2IX8ZVUO2JYU7ML1KUNGIW,live,2020-10-29 19:08:37.808993,3,1.4,approved
167,2020-10-29 18:58:22.747814,,,,,,f,,{},participant,f7e7df857f0dea147208ea74ca553326,mturk,167,37U1UTWH9XT9MZOJZALHHL1H28W8RH,167:37U1UTWH9XT9MZOJZALHHL1H28W8RH,362E9TQF2IX8ZVUO2JYU7ML1KUNGIW,live,2020-10-29 19:11:35.624812,3,,bad_data
267,2020-10-29 19:21:46.895912,,,,,,f,,{},participant,5d7fd7d0bf0500c3e42dff960d50a5ff,mturk,267,3NGMS9VZTNPLYOTXGTRTAO4KMO3FFF,267:3NGMS9VZTNPLYOTXGTRTAO4KMO3FFF,362E9TQF2IX8ZVUO2JYU7ML1KUNGIW,live,2020-10-29 19:49:20.197711,3,0.8,approved
245,2020-10-29 19:13:56.929961,,,,,,f,,{},participant,1646df541e8a9085c10f20536c5357bc,mturk,245,3QY5DC2MXTRAH6QNBIMSWO5NWBEUFP,245:3QY5DC2MXTRAH6QNBIMSWO5NWBEUFP,362E9TQF2IX8ZVUO2JYU7ML1KUNGIW,live,2020-10-29 19:25:33.85905,3,,bad_data
277,2020-10-29 19:22:13.686304,,,,,,f,,{},participant,af6593c2e59e64c2fc79e1db6e99a559,mturk,277,3L2IS5HSFCPM5Y3496554TEWY20UNW,277:3L2IS5HSFCPM5Y3496554TEWY20UNW,362E9TQF2IX8ZVUO2JYU7ML1KUNGIW,live,2020-10-29 19:22:41.028842,3,,bad_data
297,2020-10-29 19:26:01.495291,,,,,,f,,{},participant,4ac6c68b2053a2f36e03520f3b182243,mturk,297,3QY5DC2MXTRAH6QNBIMSWO5NWBBFU7,297:3QY5DC2MXTRAH6QNBIMSWO5NWBBFU7,362E9TQF2IX8ZVUO2JYU7ML1KUNGIW,live,2020-10-29 19:26:49.857446,3,,bad_data
208,2020-10-29 19:05:55.013068,,,,,,f,,{},participant,d23bdfed7ddf7263058d42eee4a5475d,mturk,208,3YGXWBAF72O4XWCY5A59BEMQ0LZC4A,208:3YGXWBAF72O4XWCY5A59BEMQ0LZC4A,362E9TQF2IX8ZVUO2JYU7ML1KUNGIW,live,2020-10-29 19:34:54.692715,3,1.8,approved
271,2020-10-29 19:21:56.2097,,,,,,f,,{},participant,ad03e7e59628dcb3aa9eab5cc354cac8,mturk,271,3HHRAGRYXAC63RFDCAARNMRNBRZ9O3,271:3HHRAGRYXAC63RFDCAARNMRNBRZ9O3,362E9TQF2IX8ZVUO2JYU7ML1KUNGIW,live,2020-10-29 19:49:41.121407,3,1.2,approved
298,2020-10-29 19:26:12.611854,,,,,,f,,{},participant,c8c4435b73f20d158a5969157866d53a,mturk,298,3RSDURM96CTZS1AWQ8ZBHRQ0GYEEYT,298:3RSDURM96CTZS1AWQ8ZBHRQ0GYEEYT,362E9TQF2IX8ZVUO2JYU7ML1KUNGIW,live,2020-10-29 19:31:40.940812,3,,bad_data
168,2020-10-29 18:58:33.683662,,,,,,f,,{},participant,6236127ff956e461a18aa258718b4a6a,mturk,168,37KGEN7NJ5X9GE7L8ZJ3YCWSQ05PPN,168:37KGEN7NJ5X9GE7L8ZJ3YCWSQ05PPN,362E9TQF2IX8ZVUO2JYU7ML1KUNGIW,live,2020-10-29 19:26:36.504538,3,0,approved
169,2020-10-29 18:58:47.645086,,,,,,f,,{},participant,79f88bcbdc6f13dd63c527a96035a966,mturk,169,3Z7EFSHGNBLVVY08PL7E8PJOTG0XC6,169:3Z7EFSHGNBLVVY08PL7E8PJOTG0XC6,362E9TQF2IX8ZVUO2JYU7ML1KUNGIW,live,2020-10-29 19:03:06.627277,3,,bad_data
246,2020-10-29 19:14:00.295313,,,,,,f,,{},participant,d87381ab7492a1c393901b085a5f7394,mturk,246,3T111IHZ5GX9047T42RVHHWSMEG9R9,246:3T111IHZ5GX9047T42RVHHWSMEG9R9,362E9TQF2IX8ZVUO2JYU7ML1KUNGIW,live,2020-10-29 19:17:36.094519,3,,bad_data
154,2020-10-29 18:55:51.215046,,,,,,f,,{},participant,87ed410c5580c527d7dd4b017e54ad19,mturk,154,36ZN444YTT5ZES8GG4G40FQQUHFOIU,154:36ZN444YTT5ZES8GG4G40FQQUHFOIU,362E9TQF2IX8ZVUO2JYU7ML1KUNGIW,live,2020-10-29 19:08:57.935911,3,,bad_data
194,2020-10-29 19:04:23.182104,,,,,,f,,{},participant,70f74593fde91f36cbfc54eafd4bd0bd,mturk,194,3WS1NTTKE0JU1KE7DB887HHGGM80FQ,194:3WS1NTTKE0JU1KE7DB887HHGGM80FQ,362E9TQF2IX8ZVUO2JYU7ML1KUNGIW,live,2020-10-29 19:31:41.025396,3,1.6,approved
224,2020-10-29 19:08:39.055076,,,,,,f,,{},participant,a08ed2df9098abf3ab5c7ee755cdf20d,mturk,224,30LSNF239W2L7LJBT6I7T2NNTCN2I6,224:30LSNF239W2L7LJBT6I7T2NNTCN2I6,362E9TQF2IX8ZVUO2JYU7ML1KUNGIW,live,2020-10-29 19:36:34.531088,3,0.8,approved
268,2020-10-29 19:21:51.098216,,,,,,f,,{},participant,5eca9addcab3c2a2adf81c4f6c3b7c09,mturk,268,34T446B1C2LNY8UXM9I7ZBWDJ9M0CL,268:34T446B1C2LNY8UXM9I7ZBWDJ9M0CL,362E9TQF2IX8ZVUO2JYU7ML1KUNGIW,live,2020-10-29 19:26:49.850423,3,,bad_data
155,2020-10-29 18:55:51.589703,,,,,,f,,{},participant,b8942d11f9859e7287ed52b68088ff4e,mturk,155,3ATPCQ38JAHW2OTKA3XPL809VJ8AYM,155:3ATPCQ38JAHW2OTKA3XPL809VJ8AYM,362E9TQF2IX8ZVUO2JYU7ML1KUNGIW,live,2020-10-29 19:22:40.863895,3,0,approved
221,2020-10-29 19:07:48.615091,,,,,,f,,{},participant,68c5fbb4bbb290f3218eeef40555817d,mturk,221,3J2UYBXQQNJYIRLWCI54DB43NN806Q,221:3J2UYBXQQNJYIRLWCI54DB43NN806Q,362E9TQF2IX8ZVUO2JYU7ML1KUNGIW,live,2020-10-29 19:39:20.446902,3,0,approved
217,2020-10-29 19:07:14.987105,,,,,,f,,{},participant,3cef87d2259644553e5206cf875b2a63,mturk,217,354P56DE9MAHN0JD4UTGTVAIDQ87SG,217:354P56DE9MAHN0JD4UTGTVAIDQ87SG,362E9TQF2IX8ZVUO2JYU7ML1KUNGIW,live,2020-10-29 19:34:18.543211,,,abandoned
225,2020-10-29 19:09:07.200051,,,,,,f,,{},participant,305c41516b9f17306c7b7eab33ca2cb2,mturk,225,3KAKFY4PGW9AS3FUX6WCCCSFZQK3IF,225:3KAKFY4PGW9AS3FUX6WCCCSFZQK3IF,362E9TQF2IX8ZVUO2JYU7ML1KUNGIW,live,2020-10-29 19:14:56.580237,3,,bad_data
156,2020-10-29 18:56:04.443487,,,,,,f,,{},participant,d5694585cfbf81d4e5b140436dc4f23d,mturk,156,32Q90QCQ1US48WLFMTYK8JBPIJZEKS,156:32Q90QCQ1US48WLFMTYK8JBPIJZEKS,362E9TQF2IX8ZVUO2JYU7ML1KUNGIW,live,2020-10-29 19:02:28.367095,3,,bad_data
195,2020-10-29 19:04:26.781161,,,,,,f,,{},participant,6ea06e4f482d0b92b879bb85cc3a1400,mturk,195,3EICBYG6463U0EVJ8HSDHGB9IIKCJW,195:3EICBYG6463U0EVJ8HSDHGB9IIKCJW,362E9TQF2IX8ZVUO2JYU7ML1KUNGIW,live,2020-10-29 19:20:04.486113,3,,bad_data
299,2020-10-29 19:26:23.412039,,,,,,f,,{},participant,b4fec6d980acc94a49e9cae0ad2b2e61,mturk,299,33PPUNGG3ACO6VP680LUU5YL1H4RZ6,299:33PPUNGG3ACO6VP680LUU5YL1H4RZ6,362E9TQF2IX8ZVUO2JYU7ML1KUNGIW,live,2020-10-29 19:27:46.536604,3,,bad_data
157,2020-10-29 18:56:10.769571,,,,,,f,,{},participant,84e2e55b05b42c84c8cbb36d2b0e553f,mturk,157,3T111IHZ5GX9047T42RVHHWSMEB9R4,157:3T111IHZ5GX9047T42RVHHWSMEB9R4,362E9TQF2IX8ZVUO2JYU7ML1KUNGIW,live,2020-10-29 19:04:40.144532,3,,bad_data
209,2020-10-29 19:05:59.863715,,,,,,f,,{},participant,4a8cafec9a352a07e98d524198c5e757,mturk,209,3CP1TO84PV89VXOWMMZD4TJIOQH52Z,209:3CP1TO84PV89VXOWMMZD4TJIOQH52Z,362E9TQF2IX8ZVUO2JYU7ML1KUNGIW,live,2020-10-29 19:36:53.508109,3,1,approved
269,2020-10-29 19:21:51.689848,,,,,,f,,{},participant,523c27f16f580cff22c498603dc0ff42,mturk,269,3C5W7UE9CHX84KCZ2A1SBLO0NUAMXJ,269:3C5W7UE9CHX84KCZ2A1SBLO0NUAMXJ,362E9TQF2IX8ZVUO2JYU7ML1KUNGIW,live,2020-10-29 19:38:22.221381,3,,bad_data
247,2020-10-29 19:14:10.352393,,,,,,f,,{},participant,f842a1e091ba6eb27287c07f78dc7866,mturk,247,30X31N5D65XZ62HBBX503MC8EYGSAU,247:30X31N5D65XZ62HBBX503MC8EYGSAU,362E9TQF2IX8ZVUO2JYU7ML1KUNGIW,live,2020-10-29 19:38:53.049722,3,1.4,approved
248,2020-10-29 19:14:19.250709,,,,,,f,,{},participant,d2cd6fdae5c5b930c6acbfa1bcba54fc,mturk,248,3LKC68YZ3CAHFNSL5LKJ16ZY9SDOW1,248:3LKC68YZ3CAHFNSL5LKJ16ZY9SDOW1,362E9TQF2IX8ZVUO2JYU7ML1KUNGIW,live,2020-10-29 19:34:02.347659,,,abandoned
158,2020-10-29 18:56:17.334152,,,,,,f,,{},participant,096010d571bf9486f18069b1a240582b,mturk,158,3JW0YLFXRVNPKW1NW7BTI0CKCUCWWL,158:3JW0YLFXRVNPKW1NW7BTI0CKCUCWWL,362E9TQF2IX8ZVUO2JYU7ML1KUNGIW,live,2020-10-29 18:57:33.233287,3,,bad_data
226,2020-10-29 19:09:10.364515,,,,,,f,,{},participant,5407aa30ed69dda7b399a295064533a2,mturk,226,3PWWM24LHU5SIF7YKK6GGDT9QGI28Y,226:3PWWM24LHU5SIF7YKK6GGDT9QGI28Y,362E9TQF2IX8ZVUO2JYU7ML1KUNGIW,live,2020-10-29 19:39:03.597755,3,1.8,approved
301,2020-10-29 19:26:30.231974,,,,,,f,,{},participant,8bd1616f4e18cca614cc988eb0c1bdb2,mturk,301,320DUZ38G9T7HQBOA3OW77WOGACJGD,301:320DUZ38G9T7HQBOA3OW77WOGACJGD,362E9TQF2IX8ZVUO2JYU7ML1KUNGIW,live,2020-10-29 19:28:04.884636,3,,bad_data
166,2020-10-29 18:58:07.969407,,,,,,f,,{},participant,d6050255f4d24f3e3d33e847ac9872a2,mturk,166,37W3JXSD68FT91WNB8TH3XX0N2AWYI,166:37W3JXSD68FT91WNB8TH3XX0N2AWYI,362E9TQF2IX8ZVUO2JYU7ML1KUNGIW,live,2020-10-29 19:16:55.48265,3,,bad_data
210,2020-10-29 19:06:09.734577,,,,,,f,,{},participant,07e2a57e486c77ebc43fcf16b5b51327,mturk,210,3HHRAGRYXAC63RFDCAARNMRNBRW9O0,210:3HHRAGRYXAC63RFDCAARNMRNBRW9O0,362E9TQF2IX8ZVUO2JYU7ML1KUNGIW,live,2020-10-29 19:10:10.491847,3,,bad_data
196,2020-10-29 19:04:41.58334,,,,,,f,,{},participant,4f8713ee258c83625bca578ad4682001,mturk,196,33M4IA01QI8Z10PR7IX9XKIATH6RX9,196:33M4IA01QI8Z10PR7IX9XKIATH6RX9,362E9TQF2IX8ZVUO2JYU7ML1KUNGIW,live,2020-10-29 19:32:32.071001,,,returned
300,2020-10-29 19:26:28.743454,,,,,,f,,{},participant,5874018d342d0f232a195c3dd021b8d7,mturk,300,3FFJ6VRIL3VEBBGXEJETAEU8WE6I05,300:3FFJ6VRIL3VEBBGXEJETAEU8WE6I05,362E9TQF2IX8ZVUO2JYU7ML1KUNGIW,live,2020-10-29 19:27:46.663199,3,,bad_data
218,2020-10-29 19:07:19.212846,,,,,,f,,{},participant,b23ba638f922f73b29c38d1f2b73a7ee,mturk,218,36DSNE9QZ75V93SMYM14CG5Q7W7JO4,218:36DSNE9QZ75V93SMYM14CG5Q7W7JO4,362E9TQF2IX8ZVUO2JYU7ML1KUNGIW,live,2020-10-29 19:17:36.089263,3,,bad_data
272,2020-10-29 19:21:57.792959,,,,,,f,,{},participant,5a28f00b425f4d5343f95a28aaa0efdf,mturk,272,3RWE2M8QWJH6PCROBZRLFMQPIDZN0P,272:3RWE2M8QWJH6PCROBZRLFMQPIDZN0P,362E9TQF2IX8ZVUO2JYU7ML1KUNGIW,live,2020-10-29 19:33:06.465702,3,,bad_data
201,2020-10-29 19:04:54.047095,,,,,,f,,{},participant,52cd023685302cda8907ce5babaefd1d,mturk,201,31QNSG6A5T0Z4G44QWNBC4AH1WZ87F,201:31QNSG6A5T0Z4G44QWNBC4AH1WZ87F,362E9TQF2IX8ZVUO2JYU7ML1KUNGIW,live,2020-10-29 19:28:00.910989,,,abandoned
171,2020-10-29 18:59:18.813738,,,,,,f,,{},participant,17d67bb43cb1191b843beb36825e66ce,mturk,171,3AMYWKA6YDTJL8DFE37F3C0LLQL6OJ,171:3AMYWKA6YDTJL8DFE37F3C0LLQL6OJ,362E9TQF2IX8ZVUO2JYU7ML1KUNGIW,live,2020-10-29 19:05:20.246422,3,,bad_data
302,2020-10-29 19:26:45.757291,,,,,,f,,{},participant,01e68efe553329a1436b6c46dbf5bd1d,mturk,302,3TXD01ZLD6O0JQTYR1Q95K8W7L64UC,302:3TXD01ZLD6O0JQTYR1Q95K8W7L64UC,362E9TQF2IX8ZVUO2JYU7ML1KUNGIW,live,2020-10-29 19:28:56.043262,,,returned
227,2020-10-29 19:09:30.412931,,,,,,f,,{},participant,8146e4a2d7171a58b79702907a8061c3,mturk,227,3KRVW3HTZPS083Q080V5CD788F5MS8,227:3KRVW3HTZPS083Q080V5CD788F5MS8,362E9TQF2IX8ZVUO2JYU7ML1KUNGIW,live,2020-10-29 19:28:04.858855,3,,bad_data
172,2020-10-29 18:59:40.175922,,,,,,f,,{},participant,92a49090bb83b4d7ff86a29d83d0f694,mturk,172,3VHP9MDGRPREVC9NPR1S2IJHPB3FCW,172:3VHP9MDGRPREVC9NPR1S2IJHPB3FCW,362E9TQF2IX8ZVUO2JYU7ML1KUNGIW,live,2020-10-29 19:01:37.919133,,,returned
177,2020-10-29 19:00:48.726394,,,,,,f,,{},participant,2816bdc47cf9c11231eebe5562ff8c33,mturk,177,3HPZF4IVNO0KV3QIUHTGR3QXVMUYCD,177:3HPZF4IVNO0KV3QIUHTGR3QXVMUYCD,362E9TQF2IX8ZVUO2JYU7ML1KUNGIW,live,2020-10-29 19:26:36.505877,3,2,approved
280,2020-10-29 19:22:48.53719,,,,,,f,,{},participant,92a2329a814ac02d1296e46dbfde5fb8,mturk,280,3RRCEFRB7OJLNRKSRA9E0UG8I0W4BS,280:3RRCEFRB7OJLNRKSRA9E0UG8I0W4BS,362E9TQF2IX8ZVUO2JYU7ML1KUNGIW,live,2020-10-29 19:33:46.687522,,,abandoned
141,2020-10-29 18:54:23.008549,,,,,,f,,{},participant,29f30c95a549ac517646e2dc9e105033,mturk,141,36TFCYNS46HMC6BOBDLFJGG4685XHF,141:36TFCYNS46HMC6BOBDLFJGG4685XHF,362E9TQF2IX8ZVUO2JYU7ML1KUNGIW,live,2020-10-29 18:58:04.335687,3,,bad_data
159,2020-10-29 18:56:21.396026,,,,,,f,,{},participant,39efd0501763736aa3772f50f1bbd470,mturk,159,3D4CH1LGEC0IBEYFORXJIDILK51G9G,159:3D4CH1LGEC0IBEYFORXJIDILK51G9G,362E9TQF2IX8ZVUO2JYU7ML1KUNGIW,live,2020-10-29 19:03:20.233118,3,,bad_data
121,2020-10-29 18:52:32.389617,,,,,,f,,{},participant,4f68636acabe114302aa597a326edddf,mturk,121,3Z4GS9HPNXHV42ZLGRV5Y4EMQCT77R,121:3Z4GS9HPNXHV42ZLGRV5Y4EMQCT77R,362E9TQF2IX8ZVUO2JYU7ML1KUNGIW,live,2020-10-29 18:58:05.308019,3,,bad_data
220,2020-10-29 19:07:38.392496,,,,,,f,,{},participant,cee25dbfd1ca695ee10382f0ae923339,mturk,220,3GS6S824SS4ZX2S946K6MHZTJIBWNX,220:3GS6S824SS4ZX2S946K6MHZTJIBWNX,362E9TQF2IX8ZVUO2JYU7ML1KUNGIW,live,2020-10-29 19:37:06.47674,3,0,approved
273,2020-10-29 19:21:57.955261,,,,,,f,,{},participant,f113823b7568434aa38e76c277db038f,mturk,273,3HL8HNGX478CXE2KD7R10SI9JQ89FH,273:3HL8HNGX478CXE2KD7R10SI9JQ89FH,362E9TQF2IX8ZVUO2JYU7ML1KUNGIW,live,2020-10-29 19:38:46.510043,3,,bad_data
108,2020-10-29 18:50:45.484947,,,,,,f,,{},participant,e8c8a4a7894ffe0cee7515e36386d5b7,mturk,108,3Z7EFSHGNBLVVY08PL7E8PJOTG0CXL,108:3Z7EFSHGNBLVVY08PL7E8PJOTG0CXL,362E9TQF2IX8ZVUO2JYU7ML1KUNGIW,live,2020-10-29 18:58:56.258601,3,,bad_data
249,2020-10-29 19:14:29.272724,,,,,,f,,{},participant,e739eb563930b966370dd33d413bbb07,mturk,249,3SUWZRL0M0KX9H0QKP4JY067HOF6EF,249:3SUWZRL0M0KX9H0QKP4JY067HOF6EF,362E9TQF2IX8ZVUO2JYU7ML1KUNGIW,live,2020-10-29 19:15:34.287614,,,returned
164,2020-10-29 18:57:42.728389,,,,,,f,,{},participant,68ea44cef36320d40010353af3f82238,mturk,164,3C6FJU71TS0GHX7IG8EGL9C32M1YUN,164:3C6FJU71TS0GHX7IG8EGL9C32M1YUN,362E9TQF2IX8ZVUO2JYU7ML1KUNGIW,live,2020-10-29 18:59:30.553402,,,returned
173,2020-10-29 18:59:57.705792,,,,,,f,,{},participant,b2734163d85778dbcbdac54a9af3b6b0,mturk,173,336KAV9KYSZ7XLYGXO4AFQHBJVIY25,173:336KAV9KYSZ7XLYGXO4AFQHBJVIY25,362E9TQF2IX8ZVUO2JYU7ML1KUNGIW,live,2020-10-29 19:23:06.3309,3,,bad_data
170,2020-10-29 18:59:12.430009,,,,,,f,,{},participant,31d72c01a0d259af698d2b8924d5f827,mturk,170,3LBXNTKX0T2TX0T5D1XN6ZIGNVW9X0,170:3LBXNTKX0T2TX0T5D1XN6ZIGNVW9X0,362E9TQF2IX8ZVUO2JYU7ML1KUNGIW,live,2020-10-29 18:59:35.025644,,,returned
197,2020-10-29 19:04:41.847744,,,,,,f,,{},participant,36bf8062ec81212da8678bc742d292e6,mturk,197,3K772S5NPAID66K7G8VNVRVXQ2VHER,197:3K772S5NPAID66K7G8VNVRVXQ2VHER,362E9TQF2IX8ZVUO2JYU7ML1KUNGIW,live,2020-10-29 19:32:06.44307,3,1.4,approved
16,2020-10-29 18:43:15.440377,,,,,,f,,{},participant,b568c6cdf58fe5e7ab3b6b90374d05c8,mturk,16,3JJVG1YBED43JAOS5FSO5MMMIWP5BW,16:3JJVG1YBED43JAOS5FSO5MMMIWP5BW,362E9TQF2IX8ZVUO2JYU7ML1KUNGIW,live,2020-10-29 19:00:02.250083,3,,bad_data
145,2020-10-29 18:54:42.875312,,,,,,f,,{},participant,e833700907b369111e8f690a58390cb3,mturk,145,3Z7EFSHGNBLVVY08PL7E8PJOTGYXC4,145:3Z7EFSHGNBLVVY08PL7E8PJOTGYXC4,362E9TQF2IX8ZVUO2JYU7ML1KUNGIW,live,2020-10-29 19:00:07.808205,,,returned
251,2020-10-29 19:14:48.896698,,,,,,f,,{},participant,5e84861e350fa00113ae666ed44bea16,mturk,251,3P59JYT76NRBGZZMNIHB79PW4T32TN,251:3P59JYT76NRBGZZMNIHB79PW4T32TN,362E9TQF2IX8ZVUO2JYU7ML1KUNGIW,live,2020-10-29 19:18:06.793984,3,,bad_data
202,2020-10-29 19:04:56.032943,,,,,,f,,{},participant,98149ad64c61d2a8f63fbf3cd3b26f19,mturk,202,3XIQGXAUMEFPJH5CY4Z3S3RAS5D7XR,202:3XIQGXAUMEFPJH5CY4Z3S3RAS5D7XR,362E9TQF2IX8ZVUO2JYU7ML1KUNGIW,live,2020-10-29 19:33:55.308687,3,1.4,approved
160,2020-10-29 18:57:09.793717,,,,,,f,,{},participant,965b0d0034595faa1993623ccf966467,mturk,160,3V0Z7YWSI07QTR3BSDHQ8RDH1EFV2S,160:3V0Z7YWSI07QTR3BSDHQ8RDH1EFV2S,362E9TQF2IX8ZVUO2JYU7ML1KUNGIW,live,2020-10-29 19:26:06.511342,3,1.6,approved
174,2020-10-29 19:00:05.551676,,,,,,f,,{},participant,2b89e36fb4bb50ce1e2b7e274d56b044,mturk,174,3O6CYIULEF8CSSCI17WS0CRNRE1WUM,174:3O6CYIULEF8CSSCI17WS0CRNRE1WUM,362E9TQF2IX8ZVUO2JYU7ML1KUNGIW,live,2020-10-29 19:26:36.586911,3,1,approved
175,2020-10-29 19:00:13.546419,,,,,,f,,{},participant,9105dc164f9afa16c0172935ed92f43d,mturk,175,36U2A8VAG362E126MUAEFM350V3YKQ,175:36U2A8VAG362E126MUAEFM350V3YKQ,362E9TQF2IX8ZVUO2JYU7ML1KUNGIW,live,2020-10-29 19:26:40.407427,3,0.8,approved
176,2020-10-29 19:00:33.972596,,,,,,f,,{},participant,ffc29509476fda6be9920eb1d2946282,mturk,176,37Q970SNZGF3CE4BFEC7SLJ5A481SD,176:37Q970SNZGF3CE4BFEC7SLJ5A481SD,362E9TQF2IX8ZVUO2JYU7ML1KUNGIW,live,2020-10-29 19:27:06.391794,3,0,approved
162,2020-10-29 18:57:16.581938,,,,,,f,,{},participant,66191d0411bc3acd25da17aad8dc72f2,mturk,162,34MAJL3QP6UGKWGFCHU8IBIWU8I34Z,162:34MAJL3QP6UGKWGFCHU8IBIWU8I34Z,362E9TQF2IX8ZVUO2JYU7ML1KUNGIW,live,2020-10-29 19:27:20.070614,3,0.4,approved
163,2020-10-29 18:57:35.46644,,,,,,f,,{},participant,53ae988fdb930c04a4a1df5f573050d9,mturk,163,3YGXWBAF72O4XWCY5A59BEMQ0LW4CZ,163:3YGXWBAF72O4XWCY5A59BEMQ0LW4CZ,362E9TQF2IX8ZVUO2JYU7ML1KUNGIW,live,2020-10-29 19:27:46.458971,3,0.8,approved
